title,content,detail url
[招聘]闽北日报社招聘启事,一、招聘岗位：1、编辑、记者若干名，全日制普通院校本科及以上学历。具有良好的沟通表达能力，具备一定的写作能力，熟悉新媒体采编工作者优先。2、平面设计、视频编辑2名，全日制普通院校本科及以上学历。 熟悉平面设计、动画设计 ；能独立完成视频拍摄、视频后期制作和视频编辑工作，具有一定写作基础者优先 。3、摄影记者1名 ，全日制普通院校本科及以上学历。能熟练使用单反、摄像机 ，有在公开出版物发表摄影作品 ，具备一定的写作能力。二、工资、福利待遇：基本工资、绩效工资、五险一金等。三、联系方式：联系人：黄女生联系电话：0599—8855106电子邮箱：981199090@qq.com联系地址：南平市梅峰路45号四、报名截止时间：2019年6月30日闽北日报社２０１９年６月１４日,http://bbs.np163.net/thread-2791952-1-1.html
[便民公告]即日起，闽北互动论坛面向南平地区的网友正式开放注册！,各位亲爱的网友：你好！　　闽北互动论坛经过近期的安全提升，已将服务器转移到云服务器，安全性和稳定性有了极大的提升，为了方便闽北网友的相关发布资讯需求，现正式重新开放用户注册。注意事项如下：　　１、本论坛仅限面向闽北地区（含下辖县市）的网友开放注册，省内网友需写明原籍是南平（省外网友申请则不予通过）。       ２、请注册时填写正确的手机号码，我们主要通过手机号码判断用户是否是闽北网友。       3、尽量填写清晰申请注册论坛用户的需求，比如找工作，买二手等等。　　４、值班管理员的会员审核时间为早上8：30-9：00；11：30-12：00；下午15：00-15：30；17：00-17：30；       5、刚注册的用户为【新手上路】，１个小时内不能发帖回帖。之后可１天内发１主题帖，每１小时内可回１帖。　　６、每次发帖和回帖都会提升用户积分，到【进级会员】等级后，基本无发帖回帖限制。好事情谢谢管理员！终于又开放了好事情这个可以有真好,http://bbs.np163.net/thread-2784644-1-1.html
[求职]有没创世纪的工作？,男 23岁多年的工作经验。？？？？15159925631创世纪3期销售做吗  地址在创世纪二期 有意向来电咨询  18960619987陈女士夏商超市世纪店有招生鲜理货员、防损员，有交五险一金，有意向可以面谈，电话13860078870魏安勤财税公司 发表于 2019-6-11 15:10销售做吗  地址在创世纪二期 有意向来电咨询  18960619987陈女士zdhs 发表于 2019-6-22 22:39有兴趣可以尝试一下火车站这里的工作做不做，,http://bbs.np163.net/thread-2790628-1-1.html
[招聘]工作轻松  薪资三千,现招：游戏代玩 及客服人员，无经验者公司提供带薪培训.要求如下1、热爱网游，手游等2、不限学历，中专学历均可，应届生亦可。4、有较强的策划能力、成本控制能力、出色的执行能力和资源整合能力；5、能够吃苦耐劳，勤奋好学6、有游戏公会相关从事者优先。7、做过公会游戏内服的优先考虑。，业务突出者予以晋升岗位8.每天上班时间为八小时 周末单休福利待遇：1、底薪3000+提成+奖金+年终奖+生日补贴3.公司每月组织员工聚餐等旅游活动联系电话:18965373342 微信同号工作地点在哪顶顶顶有意向的电话咨询雷电子 发表于 2019-5-28 04:23工作地点在哪有意向可以电话咨询顶顶顶顶顶顶顶,http://bbs.np163.net/thread-2789362-1-1.html
[招聘]急聘综合部主管、营销主管、主办会计, 本帖最后由 中鹭金草公司 于 2019-6-14 09:29 编辑 福建中鹭金草生物科技有限公司成立于2011年3月，是由国资控股的省级农业产业化重点龙头企业。业务范围涉及花卉、瓜果等农产品种植管理、农产品加工、开发、物流销售、市场拓展以及休闲农业、观光旅游等，公司总部设在延平区，下设综合管理部、财务部、产业发展部、销售部、生产部、专业合作社等部门。主要基地“中鹭新天地”位于王台镇井窠村。公司能给员工提供施展才华、实现自我价值的平台和空间，员工得到锻炼机会多，晋升空间大。现根据公司发展需要，面向社会公开招聘以下人员.一、驾驶员1名。要求道路交通法规意识强，能做好车辆保养维护工作；35岁以下，复退军人优先，工作经验丰富者年龄可适当放宽，持C1及以上驾驶证，参考月薪2600-2800元，持B1驾驶证，参考月薪2800-3000元（每月享受行车安全奖，出差有车公里数补贴）。二、综合管理部主管。主要负责办公室日常事务、起草文件、项目申报、报告、总结、上传下达、制订管理制度，行驶检查监督考核公司部门履职情况。具有一定文字功底，熟练使用Excel、Word、PPT等办公软件；文秘、语言类文科专科及以上学历，参考月薪3200 - 5000元。三、财务部经理1名。能根据公司年度审计计划对公司的各项财务收支、专项资金的使用和核算情况进行内部审计，检查公司资金、财务状况；对公司内部控制制度的执行情况进行监督检查；配合外部机构对公司的年度审计、稽核检查。可独立撰写相关财务报告。本科及以上学历，财务、审计相关专业，2年以上财务工作经验，有审计工作或政府项目申报经验优先；参考月薪3200-5000元。四、主办会计1名。主要负责财务记账，分类归档，能进行成本核算。大专以上学历，初级以上职称，有相关财务经验，会熟练使用Excel、Word等办公软件；会使用会计记账软件，参考月薪3200-3600元。五、营销主管2名。能制订花卉、瓜果系列产品的市场销售计划及实施方案，组织、指导渠道开发与维护，引导、培训经销商经营管理行为，掌握市场现场销售信息，确保销售计划和目标达成，能熟练使用办公软件；参考月薪3200—4200元。六、农业、林业专业技术员1至2名。能专业开展花卉、林木种苗、果蔬新产品、新技术开发和培训指导应用等工作；收集汇总和分析产品信息，提交产品改进建议；全日制大专以上学历，农林类学科等相关专业，参考月薪3200—4200元。七、录单员1名。主要负责销售单、进出仓单据录入，有财务工作经验优先，中专以上学历；能熟练使用Excel、Word等办公软件；参考月薪2600-3000元。 以上人员男性年龄要求40岁以下，女性要求35岁以下，特殊人才年龄可适当放宽。试用期三个月，以上人员转正后签订劳务派遣协议，与公司正式员工享受同等待遇，享受“五险一金”、带薪年假、过节费、高温补贴、绩效奖金、医疗体检等福利待遇。 应聘人员可致电或将简历发到fjzljc@163.com邮箱(简历附照片），面试请携带相关证件材料。联系人:王女士18105992066 ，蔡先生 18159900666。请问，公司地址在哪里？你好，工作时间是怎样的？simplexd 发表于 2019-4-16 11:01你好，工作时间是怎样的？一周六天制，上午8：-12：00，下午2：30-17：30，您可以把简历投到邮箱秩序员：岗位职责:一、熟练和掌握中央监控、消防报报警等设备的技术性能及操作方法二、主动发现监控上的各种动态情况三、与固定岗、巡逻岗经常保持联系，及时通报有关情况，处理各类一般事件和紧急事件，并及时报告邻班。四、对于联系工作的电话或来访客人，要热情礼貌地应答接待，对客人打错或误打的报警电话要耐心解释，沟通要表达清楚，避免误会。五、对需要移交下一班次处理的工作，应做好书面记录及口头移交。六、完成上级交办的其它任务任职资格:1、有服务意识，35周岁以下，173cm以上（退伍军人可170以上）。薪资待遇：1、薪资试用期3800-5000元/月，表现优异者转正可再提薪 维修技工：一、岗位职责负责业主室内报修维修。二、岗位要求（50周岁以下）木工，窗工，打胶工，瓦工，大理石工，木饰面工，大白壁纸工皆可。初中或以上学历，3年以上同等岗位工作经验。上班时间：   8：30-17:30三、薪资待遇：1、月薪4300-6000元，具体面议 救生员：岗位职责；1.具有高度的安全意识和责任感，对游客安全负责。2.做好游泳者的安全管理，严格按儿童池、成人池、深水区、浅水区的规定进行管理，对越界和不服从劝阻的游客进行警告。3.密切注意池内情况，特别是人池口，深浅分界区、成人池儿童池交界区等；发现有求救信号、遇溺等异常情况的，应果断迅速采取有效救助措施。 健身教练：岗位职责：1、帮助会员熟悉并且正确的使用健身器材。2、帮助会员了解和认清自身的身体状况。3、以专业的知识在最短时间内帮助会员达到目标。 4、指导会员执行长期的健身计划，帮助会员保持良好的身材。5、帮助会员远离“三高”食物，安排健康的日常饮食。任职资格：男性，18-30周岁，五官端正，形象气质良好，持证者优先。薪资待遇：1、月薪3000+抽成（旺季可达2w多）； 以上岗位均有待遇：1、包吃住；2、五险（入职即可办理）3、法休加班三倍补助面试地址：福建省南平市延平闽江路31号恒大御景10号楼二楼物业服务中心（南平技师学院日冠东城对面）联系人：杨女士联系电话：0599-6160050（来电咨询时间：周一至周日9：00-12:00 14:00-17:30）（诚意应聘者请电话咨询，下班时间勿扰，谢谢！）35岁以下哦？,http://bbs.np163.net/thread-2785599-1-1.html
[招聘]急招总经理助理、会计、驾驶员,福建涌鑫化纤科技有限公司成立于2003年7月，位于南平市延平区水东东溪路121号（米拉奇乐园旁），是一家多元化经营管理集团公司，业务范围涉及茶产业、仓储物流等多个领域，旗下设有多个独立子公司，集团公司自成立以来努力顺应市场经济需求，不断开拓市场，转型升级，公司业务持续稳步发展，能给员工提供施展才华、实现自我价值的平台和空间，员工得到锻炼机会多，晋升空间大，集团公司及所属公司目前正在进行业务拓展，需招聘如下人员： 一、总经理助理1名。要求有激情，有闯劲，能出差，具有忠诚担当品质，有一定文字基础和沟通协调能力；年龄30岁以下，工作经验丰富者年龄可适当放宽，参考月薪3200-5000元。 二、主办会计1名。有相关财务管理经验，男士优先；大专以上学历，初级以上职称，40周岁以下，参考月薪3200-4200元，工作地点在延平区。三、驾驶员1名。要求道路交通法规意识强，能做好车辆保养维护工作；35岁以下，复退军人优先，工作经验丰富者年龄可适当放宽，持C1及以上驾驶证，参考月薪2600-2800元，持B1驾驶证，参考月薪2800-3000元（每月享受行车安全奖，出差有车公里数补贴）。在武夷山千里走单骑客栈工作，异地工作期间享受异地工作补贴，夜间值班补助和接送客人补助。 以上人员男性年龄40岁以下，女性35岁以下，特殊人才年龄可适当放宽。试用期三个月，转正后与公司签订正式合同，享受按年度增资、“五险一金”、过节费、高温补贴、年终奖金、医疗体检等福利待遇，至武夷山工作由公司提供食宿补助。 联系人：王女士 18105992066  ，蔡先生 18159900666；财务人员应聘联系人：龚先生18950601363。应聘人员可致电或将简历发到fjyx8739555@163.com邮箱(简历附照片），面试请携带相关证件材料。助理30岁以上不行吗？L_n1 发表于 2019-3-21 22:08助理30岁以上不行吗？您好，35岁以下的可以哦！,http://bbs.np163.net/thread-2783258-1-1.html
[招聘]急聘总经理助理、主办会计, 本帖最后由 涌鑫化纤公司 于 2019-6-14 09:19 编辑 福建涌鑫化纤科技有限公司成立于2003年7月，位于南平市延平区水东东溪路121号（米拉奇乐园旁），是一家多元化经营管理集团公司，业务范围涉及茶产业、仓储物流等多个领域，旗下设有多个独立子公司，集团公司自成立以来努力顺应市场经济需求，不断开拓市场，转型升级，公司业务持续稳步发展，能给员工提供施展才华、实现自我价值的平台和空间，员工得到锻炼机会多，晋升空间大，集团公司及所属公司目前正在进行业务拓展，需招聘如下人员：一、驾驶员1名。要求道路交通法规意识强，能做好车辆保养维护工作；35岁以下，复退军人优先，工作经验丰富者年龄可适当放宽，持C1及以上驾驶证，参考月薪2600-2800元，持B1驾驶证，参考月薪2800-3000元（每月享受行车安全奖，出差有车公里数补贴）。 二、总经理助理1名。要求有激情，有闯劲，能出差，具有忠诚担当品质，有一定文字基础和沟通协调能力；年龄30岁以下，工作经验丰富者年龄可适当放宽，参考月薪3200-5000元。 三、主办会计1名。有相关财务管理经验，男士优先；大专以上学历，初级以上职称，40周岁以下，参考月薪3200-4200元，工作地点在延平区。以上人员男性年龄40岁以下，女性35岁以下，特殊人才年龄可适当放宽。试用期三个月，转正后与公司签订正式合同，享受按年度增资、“五险一金”、过节费、高温补贴、年终奖金、医疗体检等福利待遇，至武夷山工作由公司提供食宿补助。 联系人：王女士 18105992066  ，蔡先生 18159900666；财务人员应聘联系人：龚先生18950601363。应聘人员可致电或将简历发到fjyx8739555@163.com邮箱(简历附照片），面试请携带相关证件材料。,http://bbs.np163.net/thread-2785227-1-1.html
[招聘]区重点企业三金电子招普工,南平市三金电子有限公司成立于1997年3月，民营股份制高新技术企业，区重点企业，高校毕业生见习基地；有多种产品获得省、市科研成果奖；部份产品属国内首创。主要产品系列：1、集成电路低熔玻璃封装外壳 ；2、晶体振荡器封装外壳；3、LED室内照明研发生产。因企业生产线增加，现需招操作工数名：一、岗位要求：1）男女皆可；2）初中以上学历，无近视；3）吃苦耐劳，服从车间领导安排；4）计件工资二、薪酬与福利：1、五险；2、月休4天，法定节假日休息；3、入职满一年的员工享受公司组织的旅游活动；5、过节、高温、工作餐、厂车接送、慰问金、子女助学补助等福利。联系方式： 联系人：人力资源部 电话：0599-8515581 邮箱：1430224989@qq.com公司地址： 延平区四鹤街道西溪路64-7号（西芹高速路口附近）市区乘坐1、3、22公交车到高新区下车，往回走十几米顺公路往上走七八分钟,http://bbs.np163.net/thread-2792746-1-1.html
[求职]找一份驾驶员 的工作· 随时可以上班·~, 本帖最后由 明天会更好520 于 2019-6-22 21:43 编辑 本人 男 35 南平市延平区人事~无不良事号 ·~扯有 C1驾驶证 14年驾龄~现在需要找一份月收录三千五百元左右的待遇~无需搬货的·~有需要的老板可以跟我联系。           联系电话：18965390565联系人：小苏来我们公司吧 15505996606 二手车行业来挑战吧要来出租车吗啊？电话18259916155huaang5206 发表于 2017-2-3 08:14要来出租车吗啊？电话18259916155没有上岗证 开不了呀· 明天会更好520 发表于 2017-2-4 21:54可以去考一个。,http://bbs.np163.net/thread-2664728-1-1.html
[求职]求职, 本帖最后由 ly439308118 于 2019-6-21 23:49 编辑 本人工作认真负责，能吃苦耐劳，会电脑，会用办公软件，有多年工作经验并持有C1E驾照，曾经做过业务、客服、质检、材料管理、汽修及设备维护等。想找一份正常班上，最好有双休及五险一金，月薪3000+。有合适的工作请留言，谢谢。电话多少？13850999837岗位职责：1、负责个人区域客户的拜访、维护与开发；2、负责销售区域内销售活动的策划和执行，完成销售任务；3、负责个人区域人员管理和价格监督，负责掌握客户的销售动态信息；4、负责个人区域本行业商品信息的调查与反馈，给公司政策制定提供有效的资料；5、作为公司与客户之间信息传达的桥梁，将公司政策、通知等及时准确地传达给客户，辅助并引导客户正确及时的执行。任职要求：1、四年以上商务、销售行业工作经验，就任部门经理以上职位优先考虑；2、个性开朗、善于交际、有较强的执行力、做事积极主动、认真负责、踏实诚信；3、具有极强的学习、创新及沟通能力，具有良好的客户沟通、人际交往及维系客户关系的能力；4、具有良好的沟通能力和团队合作精神；5、大专以上学历，男女不限。福利待遇：试用期2700~4000元（具体薪资面谈）；周末休假；法定节假日休假；寒暑假带薪休假；生日福利；员工旅行；员工聚会等等。职业发展方向：储备经理---经理助理 ---部门经理 面试地址：南平市延平区江滨路639号粮油大厦6楼联系电话：0599-8636672  人事部 本帖最后由 ly439308118 于 2019-6-21 23:49 编辑 本人工作认真负责，能吃苦耐劳，会电脑，会用办公软件，有多年工作经验并持有C1E驾照，曾经做过业务、客服、质检、材料管理、汽修及设备维护等。想找一份正常班上，最好有双休及五险一金，月薪3000+。有合适的工作请留言，谢谢。 本帖最后由 ly439308118 于 2019-6-21 23:50 编辑 本人工作认真负责，能吃苦耐劳，会电脑，会用办公软件，有多年工作经验并持有C1E驾照，曾经做过业务、客服、质检、材料管理、汽修及设备维护等。想找一份正常班上，最好有双休及五险一金，月薪3000+。有合适的工作请留言，谢谢。网游工作室招人 要求男女不限 18-35岁有魔兽世界经验者优先 学习能力强 工作认真 服从安排，没玩过魔兽世界的也没关系，我们这边有专门的技术指导教你。工资底薪（白班3700）+抽成                （夜班4000）+抽成 后期肯做会做工资6000以上过万都不是问题工作时间12小时 月休两天 两班倒 要上夜班工作地点在梅山坡13123209389 郑先生(微信同电话)本人工作认真负责，能吃苦耐劳，会电脑，会用办公软件，有多年工作经验并持有C1E驾照，曾经做过业务、客服、质检、材料管理、汽修及设备维护等。想找一份正常班上，最好有双休及五险一金，月薪3000+。有合适的工作请留言，谢谢。ly439308118 发表于 2019-6-22 07:50本人工作认真负责，能吃苦耐劳，会电脑，会用办公软件，有多年工作经验并持有C1E驾照，曾经做过业务、客服 ...有联系方式吗想要挑战高薪吗？想要月入过万吗？......南平悟空找房能够给你工作内容：1.了解商圈，熟悉商圈。2.积累客户信息及房源资源。3.负责门店客户接待与咨询。4.精准了解客户需求，为客户提供合适房源信息。5.进行商务谈判，促成房产买卖和租赁业务的成交。6.为客户提供优质的经纪服务（优质的服务才是你与客户建立关系的开始）。平台支持：1.新人入职，一对一的教学方式。（有人带，有人教，有人带你快成交）2.公司海量信息资源，便于业务开展及精准匹配。3.带薪培训，公司具有完善的培训机制，助你最快成长，最快的开展业务。4.高度奖励机制，团建活动，旅游等。5.公司拥有无限潜力，广阔的上升空间，只要你想，职位你来挑！职位要求：1.学历不限，年龄不限，性别不限，经验不限。2.良好的人际沟通能力，具备高度的工作热情且有较强的观察能力和应变能力。3.工作积极主动，具有较强的抗压能力，拥有挑战高薪的愿景。4.具备良好的团队精神，做事认真踏实，正直诚恳，激情，感恩等。工作时间：上午8：30至12：00；下午14：30至18：00联系电话：18859236900本人工作认真负责，能吃苦耐劳，会电脑，会用办公软件，有多年工作经验并持有C1E驾照，曾经做过业务、客服、质检、材料管理、汽修及设备维护等。想找一份正常班上，最好有双休及五险一金，月薪3000+。有合适的工作请留言，谢谢。,http://bbs.np163.net/thread-2792100-1-1.html
[求职]找工作,男，28岁，中专（机电一体化专业），曾在南铝工作六年，离职后从事过手游推广;财务外勤。为人踏实，能吃苦，学习能力强。现寻一份在市区范围（市区以外不是太远可以接受），长白班（单双休都行）转正以后工资3000左右的工作!（因某些原因，不想从事财务外勤销售和业务此类工作）。恳求各用人单位给本人一次机会，毕竟年纪不小了，真心想学到点东西。联系电话15959945632小雷本公司目前有在招储备干部福利待遇：试用期2700~4000元（具体薪资面谈）；周末休假；法定节假日休假；寒暑假带薪休假；生日福利；员工旅行；员工聚会等等。职业发展方向：储备经理---经理助理 ---部门经理 面试地址：南平市延平区江滨路639号粮油大厦6楼联系电话：0599-8636672  人事部网游工作室招人 要求男女不限 18-35岁有魔兽世界经验者优先 学习能力强 工作认真 服从安排，没玩过魔兽世界的也没关系，我们这边有专门的技术指导教你。工资底薪（白班3700）+抽成                （夜班4000）+抽成 后期肯做会做工资6000以上过万都不是问题工作时间12小时 月休两天 两班倒 要上夜班工作地点在梅山坡13123209389 郑先生(微信同电话)想要挑战高薪吗？想要月入过万吗？......南平悟空找房能够给你工作内容：1.了解商圈，熟悉商圈。2.积累客户信息及房源资源。3.负责门店客户接待与咨询。4.精准了解客户需求，为客户提供合适房源信息。5.进行商务谈判，促成房产买卖和租赁业务的成交。6.为客户提供优质的经纪服务（优质的服务才是你与客户建立关系的开始）。平台支持：1.新人入职，一对一的教学方式。（有人带，有人教，有人带你快成交）2.公司海量信息资源，便于业务开展及精准匹配。3.带薪培训，公司具有完善的培训机制，助你最快成长，最快的开展业务。4.高度奖励机制，团建活动，旅游等。5.公司拥有无限潜力，广阔的上升空间，只要你想，职位你来挑！职位要求：1.学历不限，年龄不限，性别不限，经验不限。2.良好的人际沟通能力，具备高度的工作热情且有较强的观察能力和应变能力。3.工作积极主动，具有较强的抗压能力，拥有挑战高薪的愿景。4.具备良好的团队精神，做事认真踏实，正直诚恳，激情，感恩等。工作时间：上午8：30至12：00；下午14：30至18：00联系电话：18859236900本公司目前有在招储备干部，福利待遇：具体薪资面谈；周末休假；法定节假日休假；寒暑假带薪休假；生日福利；员工旅行；员工聚会等等。职业发展方向：储备经理---经理助理 ---部门经理 ---分公司总经理联系电话：0599-8636672猫依千草 发表于 2019-6-24 15:01本公司目前有在招储备干部，福利待遇：具体薪资面谈；周末休假；法定节假日休假；寒暑假带薪休假；生日 ...主要从事什么方面的工作雷电子 发表于 2019-6-25 08:21主要从事什么方面的工作给学校以及机关单位食堂配送食材现招：游戏代玩 及客服人员，无经验者公司提供带薪培训.要求如下1、热爱网游，手游等2、不限学历，中专学历均可，应届生亦可。4、有较强的策划能力、成本控制能力、出色的执行能力和资源整合能力；5、能够吃苦耐劳，勤奋好学6、有游戏公会相关从事者优先。7、做过公会游戏内服的优先考虑。，业务突出者予以晋升岗位8.每天上班时间为八小时 周末单休福利待遇：1、底薪3000+提成+奖金+年终奖+生日补贴3.公司每月组织员工聚餐等旅游活动联系电话:18965373342 微信同号电话客服， 工作汽车抵押贷款， 周末双休， 工资1500-2000，转正快，有没有考虑到全省维修中国石油加油站，从事维修工作。有一技之长到哪里都吃香。联系方式15305992756,http://bbs.np163.net/thread-2792024-1-1.html
[招聘]顺昌县三松物业急聘会计1名,诚聘岗位        会计，男女不限，年龄50岁以下，有会计证和从事会计经验者    工作地点：顺昌县城南东路6号，蝶景湾小区       上班时间：下午8点至12点，下午2点30分--18点       工资：3500元/月，五险一金、过节费、防暑费、工龄工资等。       联系人：陈女士，电话17759916086，联系地址：顺昌城南东路6号蝶景湾,http://bbs.np163.net/thread-2792734-1-1.html
[求职]2019南平党群工作者考试复习资料和网络课程，快乐读书工作室微信：13509502923," 快乐读书工作室微信（可以申请私我）：kysq5555，2019年南平选拔基层党群工作者考试辅导培训和复习资料。2019年7月6-7日，第8期培训课程表。    2019年南平选拔基层党群工作者考试科目：为《服务基层综合知识测试》，考试范围包括学习新时代中国特色社会主义思想、行政职业能力、党建知识、南平市情和写作能力，采取主客观题相结合的方式。党群网络课报名链接，荔枝.jpg(46.69 KB, 下载次数: 0)下载附件保存到相册2019-6-26 11:42 上传2019年党群考录课程表第6期.jpg(49.04 KB, 下载次数: 0)下载附件保存到相册2019-6-26 11:42 上传",http://bbs.np163.net/thread-2792729-1-1.html
[招聘]招聘数名客服人员（限女性）,岗位类别：电话客服职业要求：1.要求女性，年龄18-40岁，不限学历，性格开朗，有团队协作精神，为人诚实可靠。（有经验者优先）2.熟练简单网络交流工具（微信）3.负责与公司提供的客户沟通，推广我司微信平台的h5链接薪资待遇：底薪+抽成+奖金 上班时间：早8：30-12：00 午 14：00-18：00（月休4天）法定节假日有休。公司地址：新建村，长富大厦旁联系方式：13348595076（微信同号）黄经理招聘中,http://bbs.np163.net/thread-2792655-1-1.html
[招聘]招聘电脑技术员、业务员,1、本公司招聘若干名电脑技术员和若干名销售员。2、需会系统安装，打印机维护和加粉，安装监控。3、公司工作日程五天制（星期六、星期天休息），享受国家所有法定节假日，享受五险，月薪面议。4、工作安排时间：早上8:00——12:00    下午3:00——6:00电话：0599-8856822     0599-8833772薪资多少  目前从事此行业cxx846513 发表于 2019-6-24 17:00薪资多少  目前从事此行业面谈，电话：8856822，谢谢,http://bbs.np163.net/thread-2792294-1-1.html
[招聘]南平市品味贸易有限公司诚聘,南平市品味贸易有限公司专业从事调味品批发，因业务发展需要，招聘驾驶员数名;要求：持有C1证，两年以上驾驶经验，工作认真，负责。薪资：底新2200+全勤400+提成     。求职热线：13850936031  郑   月休4天  包食住。南平市品味贸易有限公司专业从事调味品批发，因业务发展需要，招聘驾驶员数名;要求：持有C1证，两年以上驾驶经验，工作认真，负责。薪资：底新2200+全勤400+提成     。求职热线：13850936031  郑   月休4天  包食住。南平市品味贸易有限公司专业从事调味品批发，因业务发展需要，招聘驾驶员数名;要求：持有C1证，两年以上驾驶经验，工作认真，负责。薪资：底新2200+全勤400+提成     。求职热线：13850936031  郑   月休4天  包食住。南平市品味贸易有限公司专业从事调味品批发，因业务发展需要，招聘驾驶员数名;要求：持有C1证，两年以上驾驶经验，工作认真，负责。薪资：底新2200+全勤400+提成     。求职热线：13850936031  郑   月休4天  包食住。,http://bbs.np163.net/thread-2789434-1-1.html
[招聘]诚聘,上海太太乐食品有限公司福州分公司诚招餐饮业务一名：要求：女性，45岁以下，有跑餐饮一年以上经验。底菥：2000+抽成求职热线：13799107573    周总上海太太乐食品有限公司福州分公司诚招餐饮业务一名：要求：女性，45岁以下，有跑餐饮一年以上经验。底菥：2000+抽成求职热线：13799107573    周总,http://bbs.np163.net/thread-2792220-1-1.html
[招聘]招聘, 本帖最后由 傻猪 于 2019-6-26 10:00 编辑 公司应业务需要需招设计部设计人员数名，办公室文员一名，主要负责设计及办公等事宜，双休，法定节假日休早上8:30上班公司地址：延平区创世纪一期5栋302室待遇面议联系电话17706097080,http://bbs.np163.net/thread-2792494-1-1.html
[招聘]南平武夷牧歌招聘送货司机、低温业务员、餐饮合伙人,招    聘      南平武夷牧歌贸易有限公司，是一家着立于闽西北区域的专业品牌渠道运营公司，主要经营有娃哈哈、蒙牛低温牛奶、蒙牛奶酪、蒙牛现代牧业、雨润低温、光明乳制品、南方食品、花园乳业、九羊羊奶等品牌产品，公司核心领导人主要来自老蒙牛福州分公司团队，公司秉承“有德有才，破格重用；有德无才，培养使用；有才无德，限制使用；无才无德，坚决不用”的用人理念，现因业务发展需要，特招聘如下岗位人才：一、延平区 低温业务代表数名二、建瓯区 市区低温业务代表和乡镇业务代表数名工作要求：1、负责延平区/建瓯区网点的开发、维护工作。          2、负责所管辖区域客户门店货品配送及理货。          3、及时对账、回收货款等工作事宜。任职要求：1、年龄：25-50岁，学历初中以上，无专业要求，男女不限。&#160;          2、诚实守信，吃苦肯干好学，勇于挑战，具有良好的团队精神。&#160;          3、能够承受一定的工作压力，有较强的亲和力和沟通能力，有挑战高薪的欲望。&#160;          4、持有C1驾驶证，并有一定的驾驶经验；          5、有相关快消品业务经验的优先。薪资：底薪加补贴2600元/月 + 提成/绩效奖金（4000-8000元）三、延平区送货司机数名:工作要求：1、负责延平区网点配送。任职要求：1、年龄：30-45岁，学历初中以上，无专业要求，男女不限。&#160;          2、诚实守信，吃苦肯干好学，勇于挑战，具有良好的团队精神。&#160;          3、能够承受一定的工作压力，有较强的亲和力和沟通能力，有挑战高薪的欲望。&#160;          4、持有C1驾驶证，并有一定的驾驶经验；薪资：保底3000+提成奖励四、延平区餐饮渠道业务员或合伙人1名:工作要求：1、负责延平区餐饮网点配送。任职要求：1、年龄：30-45岁，学历初中以上，无专业要求，男女不限。&#160;          2、诚实守信，吃苦肯干好学，勇于挑战，具有良好的团队精神。&#160;          3、能够承受一定的工作压力，有较强的亲和力和沟通能力，有挑战高薪的欲望。&#160;          4、持有C1驾驶证，并有一定的驾驶经验；5、熟悉餐饮渠道。薪资：面议,http://bbs.np163.net/thread-2792718-1-1.html
[求职]求一份防损员的工作,本人男今年32岁学历中专有做过收银防损求一份防损员的工作不能上夜班工资在2000到2500联系人小欧18020984431也可以加本人微信306921045继续求职继续求职继续求职继续求职继续求职继续求职继续求职继续求职继续求职,http://bbs.np163.net/thread-2792124-1-1.html
[招聘]倍宝购物中心招聘收银员, 本帖最后由 倍宝购物中心 于 2018-12-28 08:52 编辑 急招收银员（2名）：女性，40岁以下，有工作经验者优先。营业员：女性，40周岁以下，服务理念好，五官端正，表达能力强，有服装零售经验者优先.泳疗师：高薪诚聘，有三年以上相关工作经验，有相关工作经历以及获得相关证书者优先。工作时间：根据实际经营情况分段排班8小时，月休两天制（法定另加）。 待       遇：基本薪资、绩效奖金、工龄奖、医保、社保、其他福利等。 对以上职位有意者请先联系：詹总13960669723面试地址：南平市长富广场负一层倍宝购物中心(至客服问询) 面试时间：上午 8：00—12：00，下午  14：00—18：00急招收银招聘。。。。。。。。。招聘收银员。。。。。。。。招聘借用宝地商铺货品语音宣传广告，我们是为商铺服务的。用我们的服务去帮助商户，我们没收高价，我们仅仅是收取一个务工费，因为发了时间，我们得吃饭！不然我们就饿肚子啦！话不多说！有需要的就联系我们  电话18650629006（微信同号）。加我们微信，发你要做的语音广告词给我们，我们做好发送你们指定的微信或qq还有邮箱，你下载就可以用了。最后，大家最关心的就是价格了吧！告诉你，一点都不贵，我们只收20元一条。,http://bbs.np163.net/thread-2776964-1-1.html
[招聘]★倍宝婴童用品购物中心★（南平店）聘收银员/营业员//泳疗师  急！急！急！, 本帖最后由 倍宝购物中心 于 2019-2-26 09:11 编辑  有意者联系电话：詹女士13960669723.。。。。。。。。。。。。。。招聘           招人招聘继续招聘哦还有招吗？还有招啊。。。。。。。。。。。。。。。。。。。。。。,http://bbs.np163.net/thread-2779911-1-1.html
[招聘][招聘] ★倍宝婴童用品购物中心★（南平店）聘采购营运助理,一、岗位职责全力协助采购经理日常工作；跟踪销售、库存情况，汇总、统计销售，落实缺货、采购订单的下达和订单进度的跟踪、协调和沟通，确保公司营运需求；执行商品变价，处理价格差异；对现有的供应商资料的整理、归档，并对供应商进行有效评估；协助现场处理退换货等对接；以及上级领导交办的其他一切事务。二、岗位要求1、大专以上学历，从事采购工作两年以上，年龄25-40周岁；2、能熟练掌握并操作Office等办公软件；具有良好的数据统计和分析能力；有食品类、零售类工作经验者优先；3、性格开朗，做事细心认真，吃苦耐劳，具有较强的工作主动性；有良好的人际沟通表达能力，学习能力强，有较强的服从能力、协作精神。三、薪资待遇待遇面谈薪酬福利：固定工资+绩效奖金+员工福利有意者请联系詹女士13960669723欢迎加入我们！！！急！急！急！,http://bbs.np163.net/thread-2783040-1-1.html
[招聘][招聘] ★倍宝婴童用品购物中心★（南平店）诚聘驻店品牌导购员,[招聘] ★倍宝婴童用品购物中心★（南平店）诚聘驻店品牌导购员:,http://bbs.np163.net/thread-2786359-1-1.html
[招聘]延平区高新重点企业三金电子招人事、技术员、普工等岗位, 本帖最后由 南平三金电子 于 2019-6-26 11:09 编辑 南平市三金电子有限公司成立于1997年3月，民营股份制高新技术企业，区重点企业，高校毕业生见习基地；有多种产品获得省、市科研成果奖；部份产品属国内首创。主要产品系列：1、集成电路低熔玻璃封装外壳 ；2、晶体振荡器封装外壳；3、LED室内照明研发生产。因企业战略发展需求，现诚招以下岗位： 1、人事行政专员（1名）1）大专以上学历；2）熟练使用办公软件；3）1年以上人事相关工作经验。4）月薪3000以上2、模具机加技师（1名）1）中专以上学历，负责模具、夹具的制作、修改以及相应设备的维修保养，掌握CAD制图；2）有连续模生产经验者优先；3）月薪3000元以上。3、设备维修员（1名）1）中专以上学历，持有电工证；负责生产设备管理及维护、检修工作；2）有相关工作经验者优先；3）月薪3000元以上4、普工（2名）1）吃苦耐劳，服从车间领导安排；2）无近视；3）计件工资（工作地点分别为：环城路和西芹长沙开发区）二、薪酬与福利：1、五险及国家法定节假日。2、过节费或过节礼物、劳保、高温补贴；员工生日、结婚礼金，红白喜事慰问金。3、入职满一年的员工享受公司组织的旅游活动。4、市区内厂车免费接送上下班；中午提供工作餐。5、子女考上重点高中/大学可享受助学补助金。三、联系方式： 联系人：人力资源部  电话：0599-8515581  邮箱：1430224989@qq.com公司地址： 延平区四鹤街道西溪路64-7号（西芹高速路口附近）市区乘坐1、3、22公交车到高新区下车，往回走十几米顺公路往上走七八分钟继续招聘中···人事、门卫、技术员继续招聘中···人事、门卫、技术员继续招聘中···人事、门卫、技术员继续招聘中···人事、门卫、技术员继续招聘中···人事、技术员、普工继续招聘中···人事、技术员、普工继续招聘中···人事、技术员、普工继续招聘中···人事、技术员、普工继续招聘中···,http://bbs.np163.net/thread-2791307-1-1.html
[招聘]招聘岗位：招标代理人员, 本帖最后由 Limi敏 于 2019-6-18 11:46 编辑  招聘岗位：招标代理人员一、招标代理人员工作内容：要求能独立完成招标代理的所有程序，招标代理负责人。学历要求：大专以上学历  /年龄：30岁-40岁，女性工作要求：工作细心、认真，责任心强，有一定的文字功底和口头表达能力，有较强的沟通协调能力，具备office等办公软件操作技能。具有招标代理机构工作经验（有经验者优先）招聘人数：2名工作地点：南平市延平区玉屏小区附近工资待遇：3000-4500上班时间：早8点20到12点，3点到6点双休，国家法定节假联系电话：8722293简历发送至：313292594@qq.com欢迎适合的人才踊跃来报名应聘。有没有人才呢，求贤若渴啊人才人才人才，你在哪里呢会做投标文件的可以吗？妮子520 发表于 2019-4-30 21:30会做投标文件的可以吗？会投标的，学起来会更快，你可以简历先发过来哦 本帖最后由 Limi敏 于 2019-5-5 11:49 编辑 有意向的麻烦简历发来哦欢迎来电咨询。有合适的人才吗？？待遇从优啦,http://bbs.np163.net/thread-2787262-1-1.html
[招聘]招收一名家电维修安装学员,业务发展需要招收一名爱好家电维修安装的男生，可一边学习一边工作，对自己独立完成的事项给予工资结算，欢迎有兴趣的朋友加入。联系人：陈先生      联系电话：13850943872,http://bbs.np163.net/thread-2792717-1-1.html
[招聘]招操作员,福建南平坤辉电器有限公司单位简介：公司位于南平市环城中路180号（26路车可达），是一家规模以上工业企业，延平区工业企业纳税大户。主营：生产和销售各类电池材料、电池配件及电工器材。  操作工 (数名全职)职位概述：1.操作工从事高速冲床的上料，冲压制品的初步检查任职条件：         男女不限，18岁至35岁，初中以上文化程度。劳动报酬：培训期2个月，薪金2200元，经考核合格、独立上岗后，月薪2800元以上。福利待遇：按国家规定公司为员工缴纳社保和医保等五险，每月有满勤奖，提供免费工作餐，发放过节费及年终奖金。联系人：胡先生     联系电话：13859470350,http://bbs.np163.net/thread-2792711-1-1.html
[招聘]耐斯音乐酒吧招聘,店长助理数名，月收入5000-20000元，男女不限。营销经理，工资5000-12000以上招聘月休4天，节假日额外假期，时间晚上19:00到打烊，凌晨2点左右。提供夜宵，生日福利等多种福利。要求18到35周岁，做事认真，服从上级管理。只要你有想赚钱的心，欢迎加入我们。联系电话:18650600206罗女士，欢迎咨询，我们还有其他的岗位，或许正好有适合你的。,http://bbs.np163.net/thread-2792713-1-1.html
[求职]求职一份搞办公室卫生的工作13799106985,求职一份搞办公室卫生的工作：13799106985,http://bbs.np163.net/thread-2792504-1-1.html
[招聘]新帖 创世纪三期日春茶业长期招聘  月薪4000 正在招聘2019-6-16, 本帖最后由 fly2010 于 2019-6-16 17:57 编辑                      日春茶业（招聘）   日春茶业是一家总部在泉州，全国有近300家品牌直营门店的企业，全国有2000多名职工，是一家准备上市的茶企业。经营品牌茶：岩茶、红茶、铁观音、花茶、绿茶，白茶，普洱茶 及福之味茶点等；诚聘：茶顾问  （愿意配合调动三明优先录用）人数：两人性别：女(18-28)要求：好学，有责任心，吃苦耐劳，性格开朗，爱笑，有无经验均可福利：    1.每天工作9小时；2.月休4天；            3.提供免费住宿；            4.如果有需求可提交五险申请；5.试用期3500，转正员工2500+抽成+化妆补贴+学历补贴（大专学历补贴100）+班补500（月均收入4000左右）            6.国家法定节假日加班三倍工资；上班时间两班制；早班：8:00-17:00晚班：14:00-23:00感兴趣的可以来电/店咨询！！！！！！地址:马坑路创世纪三期中级法院斜对面电话：0599-861559818606037617附注：这是一个不断提升自己的平台，这个平台与普通销售不同，它有不断晋升的机会，或许有一天你就是日春的店长、督导、主管或者经理....本主题由 最闽北招聘热线18606037617  0599-8615598招聘招聘继续招聘继续招聘继续招聘哟继续招聘哟,http://bbs.np163.net/thread-2760390-1-1.html
[招聘]图书公司招聘，欢迎加入,南平市育才图书有限公司1、仓管主任     男 一名(对仓库管理有丰富的管理经验，并学习能力强，责任心强）2、仓管员        男2名     3、营业员       女 1名      （南平师范附小盘）4、公司客服    2名（男女均可）要求：应聘者请带上身份证联  系 人：范主任咨询电话：  13706009705面试地址：南平江滨南路金江公寓一层店面，官沙田公交站点，(到西芹方向的公交车都会到 1路 22路  3路官沙田下)     欢迎您的加入！请电话咨询正在招聘中正在招聘中.......正在招聘中，欢迎加入,http://bbs.np163.net/thread-2791877-1-1.html
[招聘]招聘暑假工,南平市育才图书有限公司招聘暑假工  图书配货员 男5名要求：应聘者请带上身份证联  系 人：范主任咨询电话：  13706009705面试地址：南平江滨南路金江公寓一层店面，官沙田公交站点，(到西芹方向的公交车都会到 1路 22路  3路官沙田下)     欢迎您的加入！请电话咨询正在招聘中,http://bbs.np163.net/thread-2792595-1-1.html
[招聘]收银 人事 司机  洗车工," 本帖最后由 xianyuaiai 于 2019-6-22 09:56 编辑 福建省光辉汽车美容有限公司公司简介：光辉汽车美容有限公司是福建省知名汽车美容装饰养护品牌，长期致力于汽车美容、装饰、养护、快修、改色、改装、电子、精品等技术服务应用。主营汽车美容、装潢；汽车喷漆服务；洗车服务；汽车销售；汽车租赁；汽车维修；汽车配件、汽车用品、数码产品、电子产品、音响设备、轮胎、板金、润滑油的批发、零售；汽车信息咨询服务；汽车代驾服务；汽车保险代办服务；代办车年检、过户、报牌手续等。招聘岗位：1、精致洗车师傅4名：学历不限，负责进店车辆的清洁，吃苦耐劳，底薪2500+提成。2、销售顾问5名：初中以上学历，具有良好的沟通能力，具有亲和力，底薪：1500+提成10%3、汽车装潢中工/美容中工2名：学历不限，负责门店内汽车装潢施工及保养，一年以上经验，底薪：3000+提成4、收银2名，司机2名。[size=18.6667px]人事1名：责任心强。以上人员一经录用包吃二餐，包住宿，联系电话：0599-8065555  136950706059a9eadac83ca531dcb6d08020ea780b.jpg(163.94 KB, 下载次数: 0)下载附件保存到相册2019-6-22 09:53 上传",http://bbs.np163.net/thread-2774441-1-1.html
[招聘]7月茶艺师培训," 本帖最后由 久违的挣扎 于 2019-6-26 10:25 编辑 7月5号，遇见茶艺，遇见更好的自己[backcolor=rgba(0, 0, 0, 0.5)]精致生活---从茶艺开始近来，很多学员会问我，老师，我不做茶艺表演，学茶艺有什么用处？我不从事茶业行业，有必要来学么？我想说，学茶，并不是让每个人都成为职业的茶艺师，只是希望在生活忙累的时候，有一杯茶可以抚慰心灵，有一席美好可以安放自己。茶艺，源于生活，高于生活；世间的风景您见过几何？茶里的奥妙您知几许？做一个爱茶之人，习茶之路其慢慢修远矣！那么，爱茶的人是什么样子的呢？想起一位老学员写下这样一段话，她说：“如果有一天，在茶席上，你不再沉浸说长道短，只是微笑的喝茶；你不再焦虑望子成龙，只是静待花开；你不再追求山头年份，只是修養自己的性情。那么，你，喝茶，才真正的開始。”说得真好！如果是这样，那么，你，爱茶，也会真正开始。当你真正开始爱茶，你就不会沉浸说长道短，你会认真品尝每一杯握在手中的茶汤，不舍得忽略任何一缕香气，会捕捉到每一次的细微变化，还会透过茶味和香气漫问她的来路。这时，你会发现，茶里的世界是如此丰富，细细地体会这些，比起说长道短，不是更加滋养身心吗？培训班简介1、主办：南平雅熙.茶艺文化推广活动中心2、顾问：聘请武夷山知名茶学专家3、师资：资深茶艺专家，资深茶艺培训师，十余年的茶艺教学经验。4、考证：连续培训一周，培训结束统一参加人社局的茶艺师鉴定。5、补贴：取得证书后即可向南平市延平区就业中心申请1000元补贴，最高可获得2000元补贴。6、培训预交：1000元，鉴定费380元自理。习茶内容如下：1、习茶礼仪2、盖碗冲泡技法3、紫砂壶冲泡技法4、武夷岩茶文化5、茶席主题设计6、六大名茶赏析7、户外习茶实践享受培训&#16636;贴人员范围1、法定劳动年龄内；2、城镇登记失业人员；3、农村转移就业劳动者；4、毕业年度高校毕业生；5、城乡未继续升学的应届初、高中毕业生；6、贫困家庭子女；7、企业在职人员（交满失业险12个月以上）报名资料1、2寸白底彩照3张2、身份证复印件2张3、学历证书复印件2张4、无学历证书（户口本本人页）2张联系我们：陈老师18005090666（微信同号）傅老师18805997776（微信同号）温馨提示：由于我们是精品小班课，只设十个席位，想要学习茶艺的小伙伴们，速度来约！",http://bbs.np163.net/thread-2792701-1-1.html
[求职]暑期工,本人男2003年生，现需找份暑期工作，有需要的可以联系18005997611帮朋友发贴！！！！！,http://bbs.np163.net/thread-2792223-1-1.html
[招聘]省图办公招聘,1、技术员   二名    男  18-25岁   会骑车    中专以上学历  打印机，复印机维护  （有无工作经验均可）2.技术员兼职    二名   男    18-25岁    建阳地区打印机，复印机维护       有无工作经验均可3.业务员   一名    年龄18-45岁 男女不限 有无经验均可，勤奋好学、有强大的上进心。                                                                4、兼职销售人员     年龄18岁以上  男女不限  有无经验均可公司福利：试用期满后均享受：社、医保，人身意外保险，高温津贴，年终奖金，过节费、年休假等等其他福利待遇。本公司上班时间：8:00-12:00   14：30-17:30 周末双休  有意者可来电或直接到本公司来面谈。公司地址：八一路274号（交通银行斜对面）联系人： 符女士联系方式：8856008   134599606501、技术员   二名    男  18-25岁   会骑车    中专以上学历  打印机，复印机维护  （有无工作经验均可）2.技术员兼职    二名   男    18-25岁    建阳地区打印机，复印机维护       有无工作经验均可3.业务员   一名    年龄18-45岁 男女不限 有无经验均可，勤奋好学、有强大的上进心。                                                                4、兼职销售人员     年龄18岁以上  男女不限  有无经验均可公司福利：试用期满后均享受：社、医保，人身意外保险，高温津贴，年终奖金，过节费、年休假等等其他福利待遇。本公司上班时间：8:00-12:00   14：30-17:30 周末双休  有意者可来电或直接到本公司来面谈。公司地址：八一路274号（交通银行斜对面）联系人： 符女士联系方式：8856008   134599606501、技术员   二名    男  18-25岁   会骑车    中专以上学历  打印机，复印机维护  （有无工作经验均可）2.技术员兼职    二名   男    18-25岁    建阳地区打印机，复印机维护       有无工作经验均可3.业务员   一名    年龄18-45岁 男女不限 有无经验均可，勤奋好学、有强大的上进心。                                                                4、兼职销售人员     年龄18岁以上  男女不限  有无经验均可公司福利：试用期满后均享受：社、医保，人身意外保险，高温津贴，年终奖金，过节费、年休假等等其他福利待遇。本公司上班时间：8:00-12:00   14：30-17:30 周末双休  有意者可来电或直接到本公司来面谈。公司地址：八一路274号（交通银行斜对面）联系人： 符女士联系方式：8856008   13459960650,http://bbs.np163.net/thread-2792064-1-1.html
[招聘]煮饭阿姨,招一名煮饭阿姨，每天2餐饭，中午10点到12点。晚上4点到6点。7—8个人的量。工资面谈，地址：胜利街原电视对面圣施兰美容会所。联系电话：8825199招一名煮饭阿姨，每天2餐饭，中午10点到12点。晚上4点到6点。7—8个人的量。工资面谈，地址：胜利街原电视对面圣施兰美容会所。联系电话：8825199还在招还在招,http://bbs.np163.net/thread-2792021-1-1.html
[招聘]急招行政主管2名（只限建阳地区）,岗位类别：行政主管要求：      有责任心、热情。会操作电脑，文件表格，月休4天、节假日假期、公司旅游、年终奖薪资待遇：2500+提成。公司环境：店内环境好（200—300平方）不定时聚餐团建、员工相处融洽。联系人：吴经理：13656975055联系电话：0599-5507789   0599-5822808更多图片 小图 大图岗位类别：行政主管要求：      有责任心、热情。会操作电脑，文件表格，月休4天、节假日假期、公司旅游、年终奖薪资待遇：2500+提成。公司环境：店内环境好（200—300平方）不定时聚餐团建、员工相处融洽。联系人：吴经理：13656975055联系电话：0599-5507789   0599-5822808更多图片 小图 大图,http://bbs.np163.net/thread-2792078-1-1.html
[招聘]高薪招聘美容师及美容学徒,圣施兰美容连锁现有12家连锁门店，南平女人街店、胜利店、建瓯店、诗缇巴雅店（建瓯2店）、建阳1店、建阳2店、欧颜店（建阳3店）、邵武店、武夷山店、顺昌店、立洁店（顺昌2店）、浦城店。因发展在南平各县市长期诚聘:1、店长2名，要求：女性， 喜欢美容事业，有美容从业经验或管理经验者优先。年薪8—15万。2、美容顾问5名，要求：女性，有较强的沟通能力，热爱销售工作。年薪6—12万。3、美容师20名，要求：女性，热爱美容事业，有责任心。年薪4—8万。4、美容学徒20名，免费培训上岗，上岗后按美容师待遇，年薪3—8万。这是一个共同创业的平台，是一个温馨的家，如果你具有真诚质朴、踏实勤奋的品质，想要一个不断提高的机会和一个融洽亲近的环境，欢迎你的加入！！！待遇优厚，工资不封顶，公司将提供良好的培训和宽松的升迁环境，为有识之士搭建人生及事业的广阔舞台。有意者请联系： 13850939550 微信号Chenying1199（陈总监），13656973362 微信号W1132086301（吴老师），请电话联系面试。或发简历至：969372764@qq.com美容师学徒免费培训学习20天或一个月即可上岗为美容师，所有员工包住宿，学好美容技术，您将受益一生，圣施兰欢迎您的加入。[img][/img][img][/img],http://bbs.np163.net/thread-2792079-1-1.html
[招聘]聘淘宝美工天猫设计人员,职责负责淘宝天猫网页上图片内容的设计与更新。要求必须有Ps基础。或有本行相关经验两者均可。招相关专业应届毕业生。学历不限素质要求有学习热情工作态度积极不焦躁希望你1. 不笨2. 有点品味3. 看过很多广告4. 能回答设计是什么?5. 有想法是必须的，实践出来。6. 当你认为别人的设计是垃圾，能拿出更好的。7. 除了看电影、读书、听音乐还有其他的爱好。你想知道的1.这里成立3年，有晋升空间，没复杂阶级。2.薪资为3000底薪加考核，转正后4000-7000。3.在我们的定位里，创意是核心生产力。4. 懂行的人挺多，不会跟你说“感觉不对，再想想”。5. 具有专业的设计指导与辅助，有很大的学习空间。上班时间：早晨：8：30到12：00，下午：13：30到18：00，上6天，休一天。公司员工福利待遇：以上岗位一经试用合格录取，享有国家公布的法定假期；享受传统节日及员工生日的福利待遇及团队不定期的聚会。满一年享受13薪工资待遇，且底薪加200元/月（封顶3年）。欢迎您加入到我们的团队。地址：南平市金辉大厦2108室联系方式：15716073924联系人：葛女士天天在家玩的设计，路过帮顶剑津少帅 发表于 2019-6-25 15:05天天在家玩的设计，路过帮顶杨总是兼职么焚夜 发表于 2019-6-25 19:29杨总是兼职么需要专职焚夜 发表于 2019-6-25 19:29杨总是兼职么日 啊    这公司你开的啊？兄弟,http://bbs.np163.net/thread-2792496-1-1.html
[招聘]招储备干部数名, 本帖最后由 猫依千草 于 2019-6-24 16:02 编辑 岗位职责：1、负责个人区域客户的拜访、维护与开发；2、负责销售区域内销售活动的策划和执行，完成销售任务；3、负责个人区域人员管理和价格监督，负责掌握客户的销售动态信息；4、负责个人区域本行业商品信息的调查与反馈，给公司政策制定提供有效的资料；5、作为公司与客户之间信息传达的桥梁，将公司政策、通知等及时准确地传达给客户，辅助并引导客户正确及时的执行。任职要求：1、四年以上商务、销售行业工作经验，就任部门经理以上职位优先考虑；2、个性开朗、善于交际、有较强的执行力、做事积极主动、认真负责、踏实诚信；3、具有极强的学习、创新及沟通能力，具有良好的客户沟通、人际交往及维系客户关系的能力；4、具有良好的沟通能力和团队合作精神；5、大专以上学历，男女不限。福利待遇：试用期2700~4000元（具体薪资面谈）；周末休假；法定节假日休假；寒暑假带薪休假；生日福利；员工旅行；员工聚会等等。职业发展方向：储备经理---经理助理 ---部门经理 面试地址：南平市延平区江滨路639号粮油大厦6楼联系电话：0599-8636672  人事部招人中,http://bbs.np163.net/thread-2792120-1-1.html
[招聘]招聘摄影助理 后期,后期调片师：2名（工资 底薪+抽成  ）3000-6000 上不封顶。摄影助理：懂得基本助理的 工资更高  （面议） 摄影学徒：学徒有可能出差  ，能接受的都可以电话联系 .电话 ：  18065789993 （微信同号）后期调片师：2名（工资 底薪+抽成  ）3000-6000 上不封顶。摄影助理：懂得基本助理的 工资更高  （面议）  店里招收：前台 2名摄影学徒：学徒有可能出差  ，能接受的都可以电话联系 .电话 ：  13860091217（微信同号）后期调片师：2名（工资 底薪+抽成  ）3000-6000 上不封顶。摄影助理：懂得基本助理的 工资更高  （面议） 店里招收：前台 2名摄影学徒：学徒有可能出差  ，能接受的都可以电话联系 .电话 ：  13860091217（微信同号）后期调片师：2名（工资 底薪+抽成  ）3000-6000 上不封顶。摄影助理：懂得基本助理的 工资更高  （面议） 店里招收：前台 2名摄影学徒：学徒有可能出差  ，能接受的都可以电话联系 .电话 ：  13860091217（微信同号）后期调片师：2名（工资 底薪+抽成  ）3000-6000 上不封顶。摄影助理：懂得基本助理的 工资更高  （面议） 店里招收：前台 2名摄影学徒：学徒有可能出差  ，能接受的都可以电话联系 .电话 ：  13860091217（微信同号）后期调片师：2名（工资 底薪+抽成  ）3000-6000 上不封顶。摄影助理：懂得基本助理的 工资更高  （面议） 店里招收：前台 2名摄影学徒：学徒有可能出差  ，能接受的都可以电话联系 .电话 ：  13860091217（微信同号）,http://bbs.np163.net/thread-2791036-1-1.html
[招聘]国企招人！国药（南平）器械有限公司诚聘！," 本帖最后由 ShirleyLim 于 2019-6-14 16:32 编辑 国药（南平）器械有限公司因业务拓展现面向南平地区诚聘如下岗位：一、实习生任职资格：1、性别不限，专科及以上学历，专业不限；                                                                    2、热爱医疗行业，具有较强的综合能力和亲和力，擅长与陌生人沟通交流；3、工作认真负责，吃苦耐劳，对医疗工作有激情。培养描述：1、销售类岗位（销售经理、销售代表等）；                                                               2、技术类岗位（产品专员、售前售后服务师、）3、管理类岗位（物流管理、采购管理、库房管理）；4、迅速有效反馈市场讯息、同业动态、客户建议，及时快速达成团队目标。二、行政前台岗位职责：1、及时、准确接听/转接电话，如需要，记录留言并及时转达；2、接待来访客人并及时准确通知被访人员；3、收发公司邮件、报刊、传真和物品，并做好登记管理以及转递工作；4、负责快件收发、机票及火车票的准确预定；5、负责前台区域的环境维护，保证设备安全及正常运转（包括复印机、空调及打卡机等）；6、协助公司员工的复印、传真等工作；7、会议会务工作，办公用品采购等行政事务。8、完成上级主管交办的其它工作。任职要求：1、女，形象好，气质佳，年龄18—28岁，身高1.60以上；2、中专及以上学历，行政前台工作经验；3、较强的服务意识，熟练使用电脑办公软件；4、具备良好的协调能力、沟通能力，负有责任心，性格活泼开朗，具有亲和力；5、普通话准确流利；6、具备一定商务礼仪知识。三、商务专员岗位职责:1、完善投标管理体系，规范投标文件，投标前期工作准备，分析招标文件，编制投标书；2、负责两票制的相关工作，协助物流及销售部门完成其他重要事项；3、收集市场需求及各医院订单（平台，通知），按照客户要求平台发货维护，JDE开销售单，JDE申请开票，登记出库及开票情况;4、按照公司要求,及时跟进客户,维护良好的客户关系;5、负责与厂家销售/服务商对接：服务商借货/寄售货物订单管理；6、领导交办的其它工作。任职要求：1、能熟练使用常规办公软件；2、大专及以上学历；3、年龄26-42岁，男女不限，形象气质佳；4、从事过医疗器械、医药或商务销售工作类的工作者优先；5、熟悉招投标法等相关法律法规，熟悉招投标工作流程；6、具备娴熟的商务接待工作能力；7、具有较强的判断能力、人际交往能力、沟通能力、计划与执行能力；8、具有高度的责任心，秉公办事，富有团队合作精神；9、具有吃苦耐劳、踏实肯干的工作精神和良好的工作作风，实事求是、忠于职守、勤勉自律。四、骨科仓管员岗位职责：1、仓库的出入库手续办理，做到账、物、单一致，能熟练掌握物流进、出、销、存的规范操作流程及账务处理；2、仓库的安全库存管理和库存状态反馈，负责仓库产品的日常整理、摆放、出入库工作；3、仓库盘点工作；4、配合采购跟单做好产品的安全库存，负责仓库的到货跟进和入库检验工作；5、特殊物资请相关专业人员进行验收； 6、上级领导交付的其它日常工作内容。任职要求：1、熟悉骨科器械仓储及配货管理常识，有较强的学习能力和理解沟通能力；2、3年以上骨科库管工作经验，有学医学的或有骨科耗材仓库经验者优先录取； 3、熟悉医疗设备及医疗用品； 4、具备良好的敬业精神，有上进心,反应灵活，工作认真负责，沟通能力和接受能力强,能吃苦耐劳，服从管理，工作主动积极。五、医疗器械销售代表数名岗位职责：1、负责公司产品的销售及推广；2、根据市场营销计划，完成部门销售指标；3、开拓新市场发展新客户增加产品销售范围；4、负责辖区市场信息的收集及竞争对手的分析；5、负责销售区域内销售活动的策划和执行，完成销售任务；6、管理了解市场动态，掌握消费者的消费趋向，随时掌握竞品信息，采取有效措施；7、维护客户关系以及客户间的长期战略合作计划。任职资格：1、男女不限，中专及以上学历，医药等相关专业优先；2、医疗器械，医药耗材等相关工作经验，业绩突出者优先；3、反应敏捷、表达能力强，具有较强的沟通能力及交际技巧，具有亲和力；4、具备一定的市场分析及判断能力，良好的客户服务意识；5、有责任心，能承受较大的工作压力；6、有团队协作精神，善于挑战；7、接受出差。六、驻院专员（区域代表）负责区域（武夷山、建阳、光泽）岗位职责：1.负责公司产品在当地医疗领域和区域的市场开拓、客户维护和销售管理工作；2.负责所属区域的产品宣传、推广和销售，完成公司下达的市场任务；3.搜集及反馈市场趋势、需求变化、竞争对手和客户实际需求；4.协助区域经理完成项目标书制作、投标工作，协调产品目标用户的签约工作；5.其他各项制度的执行及完成领导安排的相关任务。任职资格：1.工商管理、市场营销、计算机、软件、医药等相关专业专科以上学历；2.年以上市场、销售或商务工作经验；3.具有良好的方案策划和撰写能力；4.具有良好的沟通表达能力、市场开拓能力、公关能力；5.喜欢并热爱市场/商务工作；6.在所属区域内有一定系统内资源者优先考虑；7.有医疗、IT、互联网行业市场经验者优先考虑；8.适应出差负责区域。上班时间：上午：8：30-12：00；下午：14：00-17：30（周一至周五）上午：9:30-11：30(周六)一般作为培训或是团建工作福利待遇：享受国家正常节假日，入职员工可享受公司福利（培训发展、请休假、带薪年假、年终奖、企业文化、生日补贴等）及五险。公司地点：福建省南平市延平区横排路450号B幢一楼一单元（火车站附近）联系电话：0599-8816998简历投递邮箱：153052463@qq.comUP!UP!UP！UP！UP！UP！UP！UP！有意向者可把简历投过来，谢谢。中专学历，有做过其他行业，业务员，没做过医药的可以吗",http://bbs.np163.net/thread-2789511-1-1.html
[招聘]南平福家房产高薪诚招置业顾问！13459975895陈经理（微信同号）," 本帖最后由 好好珍惜998 于 2019-3-26 16:06 编辑 南平福家房产招聘正式启动：面试时，有人怕干不了，我告诉大家，来福家房产无非三种结果，1、最差的结果：了解房产，懂得房产行情，解决了自己住房的一大困惑！2、中等的结果：做出了一定的成绩，每个月能比上班多赚几千或者上万元，交了很多的朋友，同时有争取更大成功的可能！3、最好的结果：成就了自我，辉煌了人生，帮助了别人，改变了命运！一不小心成了女神/男神！有志者一起来，共赢天下！福家房产，创造美好的未来！详情电话或微信咨询创业热线:13459975895陈经理（微信同号）地址：八一路横南大酒店往上100米225819q04000b4a20suhhx.jpg(22.12 KB, 下载次数: 3)下载附件保存到相册2019-2-7 22:58 上传225819ibnlmvmd5fb11bnv.jpg(24.07 KB, 下载次数: 3)下载附件保存到相册2019-2-7 22:58 上传225820hqcp7ukn0pp2cqld.jpg(25.51 KB, 下载次数: 3)下载附件保存到相册2019-2-7 22:58 上传顶起来顶起来薪水不说哦",http://bbs.np163.net/thread-2779093-1-1.html
[招聘]设计院招设计师多名, 本帖最后由 阿毗昙 于 2019-6-12 01:49 编辑 武夷山市建筑设计研究院有限公司是具有建筑甲级资质、市政丙级的设计院，承接各类建筑工程、规划、市政设计。其在延平区设立南平市分公司；经过十几年来的不断发展壮大，南平市分公司现经营场地1000多平方米，是技术人员精干，设备设施先进，设计质量过硬的大型建筑及规划设计企业。     现因业务发展需要，要招以下人员：1、建筑设计人员（2-3名）要求：在南平市延平区或武夷新区工作，大专以上学历，建筑设计专业。2、景观设计人员（2-3名）要求：在南平市延平区或武夷新区工作，大专以上学历，景观设计专业3、规划设计人员（2-3名）要求：在南平市延平区或武夷新区工作，大专以上学历，规划设计专业。4、结构、市政设计人员（2-3名）要求：在南平市延平区或武夷新区工作，本二科以上学历，土木专业、建筑工程或结构设计相关专业。5、水电设计人员（2-3名）要求：在南平市延平区或武夷新区工作，大专以上学历，水电设计专业、建筑设备相关专业。6、室内设计人员（2-3名）要求：在南平市延平区工作，大专以上学历，设计相关专业工资待遇及其他：应届毕业可以，年龄性别不限，地域不限（本省人员优先考虑），有相关经验者优先。底薪+绩效奖金（据各人能力而定）。以上人员正试录用后均有办理医保、社保、失业保等福利。办公地点：荣顺大厦11号店2层。每周工作五天半，每天上午8：30上班。应聘人员将简历发到957409150@QQ.COM\450223730@QQ.COM，联系电话小康：059961393692019年又有招人了，不过后勤职位满了，设计人员要多名，请大家积极报名！联系电话也改了6139369，小康有意向的可发简历或电话联系！应届生皆可。有意向的可发简历或电话联系！应届生皆可。有意向的可发简历或电话联系！应届生皆可。有意向的可发简历或电话联系！应届生皆可。有意向的可发简历或电话联系！应届生皆可。有意向的可发简历或电话联系！应届生皆可。有意向的可发简历或电话联系！应届生皆可。,http://bbs.np163.net/thread-2755913-1-1.html
[招聘]和谐装修公司招聘啦  看过来看过来,和谐装饰招聘新创公司正值发展，是年轻人创业的好时机。公司对人才重点培养，欢迎不轻言放弃、不甘现状、充满激情、同心同志的你的加入。   1:文员2名      工资2300+要求：女性 熟练运用WORD、EXCEL等常用的办公软件  每周单休   2:设计师2名       工资 2500+提成 要求熟练操作（设计软件：CAD、        3Dmax、ps等，会做装修预算、经验丰富者优先）3：市场专员数名    工资面议    男女不限，有销售经验者优先 4:监理名2名  （面议）另招聘门店导购员一名（工资面议）                                                                联系电话：18065786579 刘女士                                                                公司地址：亿发建材城8栋10号,http://bbs.np163.net/thread-2792691-1-1.html
[招聘]南平市科达新技术开发有限责任公司,一、业务员1名：（一）、岗位职责：1、负责公司产品的销售及推广；2、负责搜集新客户的资料并进行沟通，开发新客户;3、定期与合作客户进行沟通，建立良好的长期合作关系。（二）、岗位要求：1、性格外向、反应敏捷、表达能力强，具有较强的沟通能力及交际技巧，具有亲和力；2、具备一定的市场分析及判断能力，良好的客户服务意识；  3. 有责任心，吃苦耐劳，能承受较大的工作压力，适应短期出差；4、相关专业，中专以上学历；有相关经验者优先。（三）、福利待遇：每周双休，享受国家所有节假日，提供医社保、生育工伤失业险，底薪+提成+话费补贴，旅游津贴，年终奖，过节费。具体薪资面议。二、工程师1名：（—）、岗位职责：1、负责客户软硬件安装、调试；2、及时上报沟通解决市场出现的问题；3、具有团队精神，表达能力强，服从公司管理。（二）、岗位要求：1、计算机软件相关专业，中专以上学历；2、良好的操作能力和沟通能力；3、有相关经验者优先。（三）、福利待遇：每周双休，享受国家所有节假日，提供医社保、生育工伤失业险，底薪+计件奖金+话费补贴，旅游津贴，年终奖，过节费。具体薪资面议。联系电话：8856822,http://bbs.np163.net/thread-2792089-1-1.html
[招聘]薪资2000-3000招聘行政," 本帖最后由 周77 于 2019-6-5 16:23 编辑 岗位职责：1、负责公司人事招聘2、负责员工入离职手续办理，维护公司人事档案及办理事项3、统计员工月度、制作考勤表4、客户到访接待5、系统信息录入6、上级交代的其他事项岗位要求：1、行政人事经历至少1年以上2、熟悉Excel表格制作3、认同公司文化，活跃团队气氛联系方式：周经理 18650680029地址：创世纪2期 本帖最后由 周77 于 2019-6-25 14:17 编辑 【行政-综合文员岗位】【薪资：2500-3000】1、负责公司人事招聘2、负责员工入离职手续办理，维护公司人事档案及办理事项3、统计员工月度、制作考勤表4、客户到访接待5、系统信息录入6、上级交代的其他事项岗位要求：1、大专以上学历2、行政人事经历至少1年以上3、熟悉Excel表格制作4、认同公司文化，活跃团队气氛【信贷电销客服】【欢迎保险行业、房产行业、金融行业的伙伴加入】薪资:2000-3000+提成，转正后缴纳医社保；勤奋好学，通过电话与客户进行有效的沟通，挖掘客户的需求，创造销售机会并完成销售业绩；口齿清晰，普通话流利，对销售工作有较高的热情；有良好的沟通能力和服务意识；【上班时间】：8:30-12:00,14:00-18:00，单休，节假日根据国家法定假日及公司要求进行合理安排休假。【上班地址】：南平市延平区创世纪2期【联系方式】：周经理 18650680029 本帖最后由 周77 于 2019-6-5 16:23 编辑 岗位职责：1、负责公司人事招聘2、负责员工入离职手续办理，维护公司人事档案及办理事项3、统计员工月度、制作考勤表4、客户到访接待5、系统信息录入6、上级交代的其他事项岗位要求：1、行政人事经历至少1年以上2、熟悉Excel表格制作3、认同公司文化，活跃团队气氛联系方式：周经理 18650680029地址：创世纪2期综合文员岗岗位职责：学习公司产品信息，客户到访接待，系统信息录入，上级交代的其他事项。岗位要求：1、工作经历至少1年以上2、熟悉Excel表格制作3、认同公司文化，活跃团队气氛4、学习能力好联系方式：周经理 18650680029地址：创世纪2期综合文员岗岗位职责：学习公司产品信息，客户到访接待，系统信息录入，上级交代的其他事项。岗位要求：1、工作经历至少1年以上2、熟悉Excel表格制作3、认同公司文化，活跃团队气氛4、学习能力好联系方式：周经理 18650680029地址：创世纪2期综合文员岗岗位职责：学习公司产品信息，客户到访接待，系统信息录入，上级交代的其他事项。岗位要求：1、工作经历至少1年以上2、熟悉Excel表格制作3、认同公司文化，活跃团队气氛4、学习能力好联系方式：周经理 18650680029地址：创世纪2期综合文员岗岗位职责：学习公司产品信息，客户到访接待，系统信息录入，上级交代的其他事项。岗位要求：1、工作经历至少1年以上2、熟悉Excel表格制作3、认同公司文化，活跃团队气氛4、学习能力好薪资：2000-2500+提成转正后缴纳医社保联系方式：周经理 18650680029地址：创世纪2期综合文员岗岗位职责：学习公司产品信息，客户到访接待，系统信息录入，上级交代的其他事项。岗位要求：1、工作经历至少1年以上2、熟悉Excel表格制作3、认同公司文化，活跃团队气氛4、学习能力好薪资：2000-2500+提成转正后缴纳医社保联系方式：周经理 18650680029地址：创世纪2期综合文员岗岗位职责：学习公司产品信息，客户到访接待，系统信息录入，上级交代的其他事项。岗位要求：1、工作经历至少1年以上2、熟悉Excel表格制作3、认同公司文化，活跃团队气氛4、学习能力好薪资：2000-2500+提成转正后缴纳医社保联系方式：周经理 18650680029地址：创世纪2期【招聘】【文员】【电销客服】【文员】薪资：1800-2500+提成，转正后缴纳医社保；学习公司产品，根据客户信息操作系统录入，客户到访接待等事宜。【电销客服】薪资:2000-3000+提成，转正后缴纳医社保；勤奋好学，通过电话与客户进行有效的沟通，挖掘客户的需求，创造销售机会并完成销售业绩；口齿清晰，普通话流利，对销售工作有较高的热情；有良好的沟通能力和服务意识；【上班时间】：8:00-12:00,14:00-18:00，单休，节假日根据国家法定假日及公司要求进行合理安排休假。【上班地址】：南平市延平区创世纪2期【联系方式】：周经理 18650680029【招聘】【文员】【电销客服】【文员】薪资：1800-2500+提成，转正后缴纳医社保；学习公司产品，根据客户信息操作系统录入，客户到访接待等事宜。【电销客服】薪资:2000-3000+提成，转正后缴纳医社保；勤奋好学，通过电话与客户进行有效的沟通，挖掘客户的需求，创造销售机会并完成销售业绩；口齿清晰，普通话流利，对销售工作有较高的热情；有良好的沟通能力和服务意识；【上班时间】：8:00-12:00,14:00-18:00，单休，节假日根据国家法定假日及公司要求进行合理安排休假。【上班地址】：南平市延平区创世纪2期【联系方式】：周经理 18650680029",http://bbs.np163.net/thread-2789582-1-1.html
[招聘]南平臻品咖啡商行诚聘,    本公司主要经营咖啡水吧器具设备与咖啡豆、饮品、奶茶原料，并且致力于推广咖啡文化以及咖啡、各式饮品的技术研发和培训。    现招聘：1、销售人员（主要负责公司经营的器具设备及原料的销售推广）要求工作认真、富有责任感、有市场营销经营者优先，提成优厚。    联系方式：17605998711 张先生 亦可微信咨询（微信与电话号码相同）    公司地址：延平区新城花园2幢楼下沿江8号店面(臻品咖啡),http://bbs.np163.net/thread-2789093-1-1.html
[招聘]南平中视屏联传媒招聘，市场业务拓展人员数名！," 本帖最后由 睿点RD 于 2019-6-5 16:17 编辑 南平中视屏联传媒招聘，业务拓展人员数名！中视屏联logo横版.jpg(55.74 KB, 下载次数: 1)下载附件保存到相册2019-6-5 16:16 上传企业简介：      福建省南平市屏联网传媒有限公司成立于2013年，公司主要经营国内外广告设计发布，目前南平市延平区媒体投放平台有：长途汽车站媒体、沿街全彩LED广告媒体、电梯媒体、公交车站电子站牌媒体、超市收银台媒体、互联网论坛微信媒体等。中视屏联核心文化：      1、使命：整合资源，全心全意为客户服务，为客户创造最大业绩。      2、核心价值观：认证学习，开阔胸襟，实现共赢。      3、愿景：做中国传媒的领跑者。      4、信仰：振兴民族经济，为中国经济插上广告、宣传的腾飞翅膀。      5、学习理念：工作学习化、学习工作化、养成良好的学习习惯，超越自我、学习终生化。      6、用人理念：敬业、担当、创业、激情、胸襟。招聘岗位      销售代表人员3名      年龄：18岁-40岁      性别：限女性      外观：五官端正      品性：性格开朗，善于沟通，市场敏锐度高      办公要求：简单操作office办公软件      上班时间：上午8：30-12：00  下午14：30-17：30（夏季15：00-18：00）      休息：每周日休息，一个月休息四天      业务要求：至少从事业务工作1年以上，根据公司提供的平台进行业务拓展、跟踪、回访等，从事过业务行业3年者优先录取      待遇：3500元以上，底薪+满勤+绩效+业务抽成（抽成无上限，具体面议）联系电话：18706078888 0599-8886887联系人：陈先生简历投放邮箱：232708166@qq.com面试时请自带个人简历公司地址：南平市延平区延府豪庭2梯2103#（乘电梯到10楼）欢迎加入 顶一个接待人员有什么要求ABC2 发表于 2017-6-15 14:41接待人员有什么要求1、前台接待人员1名      年龄：18岁-35岁      性别：女性      外观：五官端正      身高：158cm以上      品性：性格开朗，善于沟通，优雅端庄      户籍要求：本地户口      办公要求：简单操作office办公软件      上班时间：上午8：00-12：00  下午15：00-18：00      休息：每周日休息，一个月休息四天      待遇：底薪+满勤（具体面议）蒙娜丽莎婚纱摄影    收拾行李，寻找最新的自己青春是挽不回的水，转眼消失在指尖，用力的浪费，再用力的后悔，不要沉溺于过去，接受新的生活，新的自己，新的团队!  在这里，你能收获的不仅仅是高薪，还有技能、知识和家人!收拾行李，寻找新的自己，加入我们吧!----------------------------------------------     求贤若渴门市销售               2名（1000元—5000元）客   服                  2名（1500元—2000元）化妆助理               2名（ 800元—1000元）摄影助理               2名（ 800元—1000元）以上职位要求长期合作，经录用享受系统培训......咨询电话：05998887520  联系人：汤姆店长（18559071781）面试时间：5.1-6.10日门店地址：南平市解放路63号（人民医院往市政府方向 200米 兴业银行旁）坐车路线：16路 8路 22路 18路 7路 9路 到解放路光大旅行社下车..........招聘岗位      1、前台接待人员1名      年龄：18岁-35岁      性别：女性      外观：五官端正      身高：158cm以上      品性：性格开朗，善于沟通，优雅端庄      户籍要求：本地户口      办公要求：简单操作office办公软件      上班时间：上午8：00-12：00  下午15：00-18：00      休息：每周日休息，一个月休息四天      待遇：底薪+满勤（具体面议）      2、市场业务人员3名      年龄：18岁-40岁      性别：男女不限      外观：五官端正      品性：性格开朗，善于沟通，市场敏锐度高      户籍要求：本地户口      办公要求：简单操作office办公软件      上班时间：上午8：00-12：00  下午15：00-18：00      休息：每周日休息，一个月休息四天       业务要求：至少从事业务工作1年以上，根据公司提供的平台进行业务拓展、跟踪、回访等，从事过业务行业3年者优先录取      待遇：底薪+满勤+业务抽成（具体面议）联系电话：18706078888 0599-8886887联系人：陈先生简历投放邮箱：232708166@qq.com面试时请自带个人简历公司地址：南平市延平区延府豪庭2梯2103#（乘电梯到10楼）招聘岗位      1、前台接待人员1名      年龄：18岁-35岁      性别：女性      外观：五官端正      身高：158cm以上      品性：性格开朗，善于沟通，优雅端庄      户籍要求：本地户口      办公要求：简单操作office办公软件      上班时间：上午8：00-12：00  下午15：00-18：00      休息：每周日休息，一个月休息四天      待遇：底薪+满勤（具体面议）      2、市场业务人员3名      年龄：18岁-40岁      性别：男女不限      外观：五官端正      品性：性格开朗，善于沟通，市场敏锐度高      户籍要求：本地户口      办公要求：简单操作office办公软件      上班时间：上午8：00-12：00  下午15：00-18：00      休息：每周日休息，一个月休息四天       业务要求：至少从事业务工作1年以上，根据公司提供的平台进行业务拓展、跟踪、回访等，从事过业务行业3年者优先录取      待遇：底薪+满勤+业务抽成（具体面议）联系电话：18706078888 0599-8886887联系人：陈先生简历投放邮箱：232708166@qq.com面试时请自带个人简历公司地址：南平市延平区延府豪庭2梯2103#（乘电梯到10楼）招聘岗位      1、前台接待人员1名      年龄：18岁-35岁      性别：女性      外观：五官端正      身高：158cm以上      品性：性格开朗，善于沟通，优雅端庄      户籍要求：本地户口      办公要求：简单操作office办公软件      上班时间：上午8：00-12：00  下午15：00-18：00      休息：每周日休息，一个月休息四天      待遇：底薪+满勤（具体面议）      2、市场业务人员3名      年龄：18岁-40岁      性别：男女不限      外观：五官端正      品性：性格开朗，善于沟通，市场敏锐度高      户籍要求：本地户口      办公要求：简单操作office办公软件      上班时间：上午8：00-12：00  下午15：00-18：00      休息：每周日休息，一个月休息四天       业务要求：至少从事业务工作1年以上，根据公司提供的平台进行业务拓展、跟踪、回访等，从事过业务行业3年者优先录取      待遇：底薪+满勤+业务抽成（具体面议）联系电话：18706078888 0599-8886887联系人：陈先生简历投放邮箱：232708166@qq.com面试时请自带个人简历公司地址：南平市延平区延府豪庭2梯2103#（乘电梯到10楼）招聘岗位      1、前台接待人员1名      年龄：18岁-35岁      性别：女性      外观：五官端正      身高：158cm以上      品性：性格开朗，善于沟通，优雅端庄      户籍要求：本地户口      办公要求：简单操作office办公软件      上班时间：上午8：00-12：00  下午15：00-18：00      休息：每周日休息，一个月休息四天      待遇：底薪+满勤（具体面议）      2、市场业务人员3名      年龄：18岁-40岁      性别：男女不限      外观：五官端正      品性：性格开朗，善于沟通，市场敏锐度高      户籍要求：本地户口      办公要求：简单操作office办公软件      上班时间：上午8：00-12：00  下午15：00-18：00      休息：每周日休息，一个月休息四天      业务要求：至少从事业务工作1年以上，根据公司提供的平台进行业务拓展、跟踪、回访等，从事过业务行业3年者优先录取      待遇：底薪+满勤+业务抽成（具体面议）联系电话：18706078888 0599-8886887联系人：陈先生简历投放邮箱：232708166@qq.com面试时请自带个人简历公司地址：南平市延平区延府豪庭2梯2103#（乘电梯到10楼）",http://bbs.np163.net/thread-2690372-1-1.html
[招聘]【招长期电话客服~】,周末双休，节假日休息，朝九晚六中午休息2个小时，工资1500-5000+2%提成，有奖金，有福利，只要你会打电话，只要你想赚钱，月收入过万不是问题， 如果你想普普通通的，月收入正常平均3500左右，有需要的可以打我电话18020910858,http://bbs.np163.net/thread-2792689-1-1.html
[招聘]急招【行政文员】【电销客服】," 本帖最后由 周77 于 2019-6-25 08:44 编辑 【行政-综合文员岗位】【薪资：2500-3000】1、负责公司人事招聘2、负责员工入离职手续办理，维护公司人事档案及办理事项3、统计员工月度、制作考勤表4、客户到访接待5、系统信息录入6、上级交代的其他事项岗位要求：1、大专以上学历2、行政人事经历至少1年以上3、熟悉Excel表格制作4、认同公司文化，活跃团队气氛【信贷电销客服】【欢迎保险行业、房产行业、金融行业的伙伴加入】薪资:2000-3000+提成，转正后缴纳医社保；勤奋好学，通过电话与客户进行有效的沟通，挖掘客户的需求，创造销售机会并完成销售业绩；口齿清晰，普通话流利，对销售工作有较高的热情；有良好的沟通能力和服务意识；【上班时间】：8:30-12:00,14:00-18:00，单休，节假日根据国家法定假日及公司要求进行合理安排休假。【上班地址】：南平市延平区创世纪2期【联系方式】：周经理 18650680029 本帖最后由 周77 于 2019-6-25 08:56 编辑 【行政-综合文员岗位】【薪资：2500-3000】1、负责公司人事招聘2、负责员工入离职手续办理，维护公司人事档案及办理事项3、统计员工月度、制作考勤表4、客户到访接待5、系统信息录入6、上级交代的其他事项岗位要求：1、大专以上学历2、行政人事经历至少1年以上3、熟悉Excel表格制作4、认同公司文化，活跃团队气氛【信贷电销客服】【销售】【欢迎保险行业、金融行业、房产行业的同仁加入】薪资:2000-3000+提成，转正后缴纳医社保；勤奋好学，通过电话与客户进行有效的沟通，挖掘客户的需求，创造销售机会并完成销售业绩；口齿清晰，普通话流利，对销售工作有较高的热情；有良好的沟通能力和服务意识；【上班时间】：8:30-12:00,14:00-18:00，单休，节假日根据国家法定假日及公司要求进行合理安排休假。【上班地址】：南平市延平区创世纪2期【联系方式】：周经理 18650680029【行政-综合文员岗位】【薪资：2500-3000】1、负责公司人事招聘2、负责员工入离职手续办理，维护公司人事档案及办理事项3、统计员工月度、制作考勤表4、客户到访接待5、系统信息录入6、上级交代的其他事项岗位要求：1、大专以上学历2、行政人事经历至少1年以上3、熟悉Excel表格制作4、认同公司文化，活跃团队气氛【信贷电销客服】【欢迎保险行业、房产行业、金融行业的伙伴加入】薪资:2000-3000+提成，转正后缴纳医社保；勤奋好学，通过电话与客户进行有效的沟通，挖掘客户的需求，创造销售机会并完成销售业绩；口齿清晰，普通话流利，对销售工作有较高的热情；有良好的沟通能力和服务意识；【上班时间】：8:30-12:00,14:00-18:00，单休，节假日根据国家法定假日及公司要求进行合理安排休假。【上班地址】：南平市延平区创世纪2期【联系方式】：周经理 18650680029 本帖最后由 周77 于 2019-6-25 08:56 编辑 【行政-综合文员岗位】【薪资：2500-3000】1、负责公司人事招聘2、负责员工入离职手续办理，维护公司人事档案及办理事项3、统计员工月度、制作考勤表4、客户到访接待5、系统信息录入6、上级交代的其他事项岗位要求：1、大专以上学历2、行政人事经历至少1年以上3、熟悉Excel表格制作4、认同公司文化，活跃团队气氛【信贷电销客服】薪资:2000-3000+提成，转正后缴纳医社保；勤奋好学，通过电话与客户进行有效的沟通，挖掘客户的需求，创造销售机会并完成销售业绩；口齿清晰，普通话流利，对销售工作有较高的热情；有良好的沟通能力和服务意识；【上班时间】：8:30-12:00,14:00-18:00，单休，节假日根据国家法定假日及公司要求进行合理安排休假。【上班地址】：南平市延平区创世纪2期【联系方式】：周经理 18650680029 本帖最后由 周77 于 2019-6-25 08:58 编辑 【行政-综合文员岗位】【薪资：2500-3000】1、负责公司人事招聘2、负责员工入离职手续办理，维护公司人事档案及办理事项3、统计员工月度、制作考勤表4、客户到访接待5、系统信息录入6、上级交代的其他事项岗位要求：1、大专以上学历2、行政人事经历至少1年以上3、熟悉Excel表格制作4、认同公司文化，活跃团队气氛【信贷电销客服】薪资:2000-3000+提成，转正后缴纳医社保；勤奋好学，通过电话与客户进行有效的沟通，挖掘客户的需求，创造销售机会并完成销售业绩；口齿清晰，普通话流利，对销售工作有较高的热情；有良好的沟通能力和服务意识；【上班时间】：8:30-12:00,14:00-18:00，单休，节假日根据国家法定假日及公司要求进行合理安排休假。【上班地址】：南平市延平区创世纪2期【联系方式】：周经理 18650680029 本帖最后由 周77 于 2019-6-25 08:56 编辑 【行政-综合文员岗位】【薪资：2500-3000】1、负责公司人事招聘2、负责员工入离职手续办理，维护公司人事档案及办理事项3、统计员工月度、制作考勤表4、客户到访接待5、系统信息录入6、上级交代的其他事项岗位要求：1、大专以上学历2、行政人事经历至少1年以上3、熟悉Excel表格制作4、认同公司文化，活跃团队气氛【信贷电销客服】薪资:2000-3000+提成，转正后缴纳医社保；勤奋好学，通过电话与客户进行有效的沟通，挖掘客户的需求，创造销售机会并完成销售业绩；口齿清晰，普通话流利，对销售工作有较高的热情；有良好的沟通能力和服务意识；【上班时间】：8:30-12:00,14:00-18:00，单休，节假日根据国家法定假日及公司要求进行合理安排休假。【上班地址】：南平市延平区创世纪2期【联系方式】：周经理 18650680029 本帖最后由 周77 于 2019-6-25 08:58 编辑 【行政-综合文员岗位】【薪资：2500-3000】1、负责公司人事招聘2、负责员工入离职手续办理，维护公司人事档案及办理事项3、统计员工月度、制作考勤表4、客户到访接待5、系统信息录入6、上级交代的其他事项岗位要求：1、大专以上学历2、行政人事经历至少1年以上3、熟悉Excel表格制作4、认同公司文化，活跃团队气氛【信贷电销客服】薪资:2000-3000+提成，转正后缴纳医社保；勤奋好学，通过电话与客户进行有效的沟通，挖掘客户的需求，创造销售机会并完成销售业绩；口齿清晰，普通话流利，对销售工作有较高的热情；有良好的沟通能力和服务意识；【上班时间】：8:30-12:00,14:00-18:00，单休，节假日根据国家法定假日及公司要求进行合理安排休假。【上班地址】：南平市延平区创世纪2期【联系方式】：周经理 18650680029 本帖最后由 周77 于 2019-6-25 08:58 编辑 【行政-综合文员岗位】【薪资：2500-3000】1、负责公司人事招聘2、负责员工入离职手续办理，维护公司人事档案及办理事项3、统计员工月度、制作考勤表4、客户到访接待5、系统信息录入6、上级交代的其他事项岗位要求：1、大专以上学历2、行政人事经历至少1年以上3、熟悉Excel表格制作4、认同公司文化，活跃团队气氛【信贷电销客服】薪资:2000-3000+提成，转正后缴纳医社保；勤奋好学，通过电话与客户进行有效的沟通，挖掘客户的需求，创造销售机会并完成销售业绩；口齿清晰，普通话流利，对销售工作有较高的热情；有良好的沟通能力和服务意识；【上班时间】：8:30-12:00,14:00-18:00，单休，节假日根据国家法定假日及公司要求进行合理安排休假。【上班地址】：南平市延平区创世纪2期【联系方式】：周经理 18650680029 本帖最后由 周77 于 2019-6-25 08:57 编辑 【行政-综合文员岗位】【薪资：2500-3000】1、负责公司人事招聘2、负责员工入离职手续办理，维护公司人事档案及办理事项3、统计员工月度、制作考勤表4、客户到访接待5、系统信息录入6、上级交代的其他事项岗位要求：1、大专以上学历2、行政人事经历至少1年以上3、熟悉Excel表格制作4、认同公司文化，活跃团队气氛【信贷电销客服】薪资:2000-3000+提成，转正后缴纳医社保；勤奋好学，通过电话与客户进行有效的沟通，挖掘客户的需求，创造销售机会并完成销售业绩；口齿清晰，普通话流利，对销售工作有较高的热情；有良好的沟通能力和服务意识；【上班时间】：8:30-12:00,14:00-18:00，单休，节假日根据国家法定假日及公司要求进行合理安排休假。【上班地址】：南平市延平区创世纪2期【联系方式】：周经理 18650680029 本帖最后由 周77 于 2019-6-25 08:57 编辑 【行政-综合文员岗位】【薪资：2500-3000】1、负责公司人事招聘2、负责员工入离职手续办理，维护公司人事档案及办理事项3、统计员工月度、制作考勤表4、客户到访接待5、系统信息录入6、上级交代的其他事项岗位要求：1、大专以上学历2、行政人事经历至少1年以上3、熟悉Excel表格制作4、认同公司文化，活跃团队气氛【信贷电销客服】薪资:2000-3000+提成，转正后缴纳医社保；勤奋好学，通过电话与客户进行有效的沟通，挖掘客户的需求，创造销售机会并完成销售业绩；口齿清晰，普通话流利，对销售工作有较高的热情；有良好的沟通能力和服务意识；【上班时间】：8:30-12:00,14:00-18:00，单休，节假日根据国家法定假日及公司要求进行合理安排休假。【上班地址】：南平市延平区创世纪2期【联系方式】：周经理 18650680029 本帖最后由 周77 于 2019-6-25 08:57 编辑 【行政-综合文员岗位】【薪资：2500-3000】1、负责公司人事招聘2、负责员工入离职手续办理，维护公司人事档案及办理事项3、统计员工月度、制作考勤表4、客户到访接待5、系统信息录入6、上级交代的其他事项岗位要求：1、大专以上学历2、行政人事经历至少1年以上3、熟悉Excel表格制作4、认同公司文化，活跃团队气氛【信贷电销客服】【销售】【欢迎保险行业、金融行业、房产行业的同仁加入】薪资:2000-3000+提成，转正后缴纳医社保；勤奋好学，通过电话与客户进行有效的沟通，挖掘客户的需求，创造销售机会并完成销售业绩；口齿清晰，普通话流利，对销售工作有较高的热情；有良好的沟通能力和服务意识；【上班时间】：8:30-12:00,14:00-18:00，单休，节假日根据国家法定假日及公司要求进行合理安排休假。【上班地址】：南平市延平区创世纪2期【联系方式】：周经理 18650680029",http://bbs.np163.net/thread-2792194-1-1.html
[招聘]月嫂免费培训," 本帖最后由 久违的挣扎 于 2019-6-24 11:22 编辑 高级母婴护理师班（月嫂）开课时间：7月1日-7月7日高级产后康复师班开课时间：7月15日-7月21日高级母乳喂养指导师班开课时间：7月10日-7月16日                                           地址：南平市延平区人民财产保险大厦904室（鼓楼街兴业银行旁边往德克士方向）报名方式：18005090666（微信同号）陈老师                18659994851（微信同号）郭老师免费！免费！免费！电话：8827800或到学校详询1562329793.jpg(158.21 KB, 下载次数: 8)下载附件保存到相册2019-2-9 15:10 上传微信图片_20190209152121.jpg(143.08 KB, 下载次数: 8)下载附件保存到相册2019-2-9 15:21 上传微信图片_20190209152117.jpg(193.15 KB, 下载次数: 8)下载附件保存到相册2019-2-9 15:21 上传高级母婴护理师班（月嫂）开课时间：2月14日至20日高级产后康复师班开课时间：2月21日至28日（夜班）高级母乳喂养指导师班开课时间：2月21日至28日（白班）报名方式：联系人：陈老师联系电话：18005090666（微信同号）                18659950888（微信同号）欢迎加入高级母婴护理师班（月嫂）开课时间：2月14日至20日高级产后康复师班开课时间：2月21日至28日（夜班）高级母乳喂养指导师班开课时间：2月21日至28日（白班）报名方式：联系人：陈老师联系电话：18005090666（微信同号）                18659950888（微信同号）正月初十开班高级母婴护理师班（月嫂）开课时间：2月14日（正月初十）至20日高级产后康复师班开课时间：2月21日至28日（夜班）高级母乳喂养指导师班开课时间：2月21日至28日（白班）报名方式：联系人：陈老师联系电话：18005090666（微信同号）                18659950888（微信同号）高级母婴护理师班（月嫂）开课时间：2月14日至20日高级产后康复师班开课时间：2月21日至28日（夜班）高级母乳喂养指导师班开课时间：2月21日至28日（白班）报名方式：联系人：陈老师联系电话：18005090666（微信同号）                18659950888（微信同号）",http://bbs.np163.net/thread-2779151-1-1.html
[招聘]高级茶艺师7月5日开班啦！," 本帖最后由 久违的挣扎 于 2019-6-26 09:05 编辑 我，一片茶叶，在等一杯水，亦在等一个人。一片茶叶，看起来如此纤弱，直到放入杯中，与水融合，绽放出清香。然而，就在茶叶与沸水相融，热烈舞蹈的时刻，人们的目光往往忽视了茶的实质，反而注意那杯中之水了。一片茶叶要经历多少风雨，忍受多少煎熬，才能百炼成茶！茶1.jpg(51.95 KB, 下载次数: 2)下载附件保存到相册2019-6-9 17:41 上传清水煮茶，新绿初开，是水给了茶叶第二次生命，从茶树梢上的一抹嫩绿，蜷缩成茶叶罐中的沉眠，然后在滚水中唤醒，片片新绿，在水中舞蹈，尽情绽放。给自己煮一杯淡淡的茶，静品清茗，把所有的心事，愉悦，委屈，思念全都稳妥地安放。情在心里，无言也温暖。茶6.jpg(55.87 KB, 下载次数: 2)下载附件保存到相册2019-6-9 17:43 上传人生，其实就像一片茶叶的旅行，满载而归时，择一处清幽，斟一盏芳茗，细看一撮茶叶在滚烫的热水中历练、翻滚、渐渐舒展，最后沉落杯底，在一遍遍地冲泡之后，逐渐回复到平静真实的过程。人的生命曲折往复，犹如这杯中茶叶，无声舒展，淡然收尾，沉静，清苦，那味蕾上的涩涩清香是生命的滋味，亦是茶的原味。茶2.jpg(157.54 KB, 下载次数: 2)下载附件保存到相册2019-6-9 17:44 上传6月22日让我们开启一片茶叶的旅行，相约雅熙.高级茶艺师茶学堂。带您领略高级茶艺师的风采与魅力……习茶内容如下：1、习茶礼仪2、盖碗冲泡技法3、紫砂壶冲泡技法4、武夷岩茶文化5、茶席主题设计6、六大名茶赏析7、户外习茶实践茶3.jpg(32.76 KB, 下载次数: 2)下载附件保存到相册2019-6-9 17:44 上传培训班简介1、主办：南平雅熙.茶学堂2、顾问：聘请武夷山知名茶学专家3、师资：资深茶艺专家，资深茶艺培训师，十余年的茶艺教学经验。4、考证：连续培训一周，培训结束统一参加人社局的茶艺师鉴定。5、补贴：取得证书后即可向南平市延平区就业中心申请1000元补贴，最高可获得2000元补贴。6、培训预交：1000元，鉴定费380元自理。茶8.jpg(87.48 KB, 下载次数: 2)下载附件保存到相册2019-6-9 17:52 上传享受培训&#16636;贴人员范围1、法定劳动年龄内；2、城镇登记失业人员；3、农村转移就业劳动者；4、毕业年度高校毕业生；5、城乡未继续升学的应届初、高中毕业生；6、贫困家庭子女；7、企业在职人员（交满失业险12个月以上）茶7.jpg(54.63 KB, 下载次数: 2)下载附件保存到相册2019-6-9 17:52 上传报名资料1、2寸白底彩照3张2、身份证复印件2张3、学历证书复印件2张4、无学历证书（户口本本人页）2张联系我们：陈老师18005090666（微信同号）               傅老师13055705002（微信同号）温馨提示：由于我们是精品小班课，只设十个席位，想要学习茶艺的小伙伴们，速度来约！享受培训&#16636;贴人员范围1、法定劳动年龄内；2、城镇登记失业人员；3、农村转移就业劳动者；4、毕业年度高校毕业生；5、城乡未继续升学的应届初、高中毕业生；6、贫困家庭子女；7、企业在职人员（交满失业险12个月以上）联系我们：陈老师18005090666（微信同号）               傅老师13055705002（微信同号）温馨提示：由于我们是精品小班课，只设十个席位，想要学习茶艺的小伙伴们，速度来约！享受培训&#16636;贴人员范围1、法定劳动年龄内；2、城镇登记失业人员；3、农村转移就业劳动者；4、毕业年度高校毕业生；5、城乡未继续升学的应届初、高中毕业生；6、贫困家庭子女；7、企业在职人员（交满失业险12个月以上）联系我们：陈老师18005090666（微信同号）               傅老师13055705002（微信同号）温馨提示：由于我们是精品小班课，只设十个席位，想要学习茶艺的小伙伴们，速度来约！享受培训&#16636;贴人员范围1、法定劳动年龄内；2、城镇登记失业人员；3、农村转移就业劳动者；4、毕业年度高校毕业生；5、城乡未继续升学的应届初、高中毕业生；6、贫困家庭子女；7、企业在职人员（交满失业险12个月以上）联系我们：陈老师18005090666（微信同号）               傅老师13055705002（微信同号）温馨提示：由于我们是精品小班课，只设十个席位，想要学习茶艺的小伙伴们，速度来约！月22日让我们开启一片茶叶的旅行，相约雅熙.高级茶艺师茶学堂。带您领略高级茶艺师的风采与魅力……习茶内容如下：1、习茶礼仪2、盖碗冲泡技法3、紫砂壶冲泡技法4、武夷岩茶文化5、茶席主题设计6、六大名茶赏析7、户外习茶实践联系我们：陈老师18005090666（微信同号）               傅老师13055705002（微信同号）温馨提示：由于我们是精品小班课，只设十个席位，想要学习茶艺的小伙伴们，速度来约6月22日让我们开启一片茶叶的旅行，相约雅熙.高级茶艺师茶学堂。带您领略高级茶艺师的风采与魅力……习茶内容如下：1、习茶礼仪2、盖碗冲泡技法3、紫砂壶冲泡技法4、武夷岩茶文化5、茶席主题设计6、六大名茶赏析7、户外习茶实践联系我们：陈老师18005090666（微信同号）               傅老师13055705002（微信同号）温馨提示：由于我们是精品小班课，只设十个席位，想要学习茶艺的小伙伴们，速度来约6月22日让我们开启一片茶叶的旅行，相约雅熙.高级茶艺师茶学堂。带您领略高级茶艺师的风采与魅力……习茶内容如下：1、习茶礼仪2、盖碗冲泡技法3、紫砂壶冲泡技法4、武夷岩茶文化5、茶席主题设计6、六大名茶赏析7、户外习茶实践联系我们：陈老师18005090666（微信同号）               傅老师13055705002（微信同号）温馨提示：由于我们是精品小班课，只设十个席位，想要学习茶艺的小伙伴们，速度来约6月22日让我们开启一片茶叶的旅行，相约雅熙.高级茶艺师茶学堂。带您领略高级茶艺师的风采与魅力……习茶内容如下：1、习茶礼仪2、盖碗冲泡技法3、紫砂壶冲泡技法4、武夷岩茶文化5、茶席主题设计6、六大名茶赏析7、户外习茶实践联系我们：陈老师18005090666（微信同号）               傅老师13055705002（微信同号）温馨提示：由于我们是精品小班课，只设十个席位，想要学习茶艺的小伙伴们，速度来约6月22日让我们开启一片茶叶的旅行，相约雅熙.高级茶艺师茶学堂。带您领略高级茶艺师的风采与魅力……习茶内容如下：1、习茶礼仪2、盖碗冲泡技法3、紫砂壶冲泡技法4、武夷岩茶文化5、茶席主题设计6、六大名茶赏析7、户外习茶实践联系我们：陈老师18005090666（微信同号）               傅老师13055705002（微信同号）温馨提示：由于我们是精品小班课，只设十个席位，想要学习茶艺的小伙伴们，速度来约久违的挣扎 发表于 2019-6-11 11:17月22日让我们开启一片茶叶的旅行，相约雅熙.高级茶艺师茶学堂。带您领略高级茶艺师的风采与魅力……习茶 ...学费一共多少錢",http://bbs.np163.net/thread-2791198-1-1.html
[招聘]福建鑫智创电子科技有限公司招聘技术员," 本帖最后由 lin304304 于 2019-5-11 09:06 编辑  福建鑫智创电子科技有限公司招聘一、 岗位职责：技术人员（5名）基本要求：性别：男，年龄,25-45岁。具有相关计算机硬件及软件，网络设备的维护2年-3年的经验，熟悉弱电安装的相关知识，具有团队精神，表达能力强，服从公司管理，月薪：3600元 +满勤奖金（200元）+施工项目提成费1.5%，试用期为一个月：2800元，工作满6个月后，公司给予办理社保以及年终奖金。正式录用后，本公司加薪采用逐年递增的方法：满一年以后基本工资上浮10%，满二年后基本工资上浮8%，满三年后基本工资上浮5%，年终奖励以第十三薪形式发放。工作时间：夏季：早上8：30-12：00，下午3:00-6:00，冬季：早上8：30-12：00，下午2:30-5:30，每周六下午至周天休，享有法定的国家节假日。      公司简介：电子科技、计算机软硬件领域内的技术研发、技术咨询、技术服务;电子产品及配件、计算机软件、硬件及辅助设备、计算机网络设备、电子物资设备、银行专业设备(不含商用密码产品)的销售、安装、维护,数码产品销售,办公设备及耗材、办公用品、保洁用品、日杂用品、电器、仪器仪表、机电设备及零配件的销售,消防器材设备、安防电子监控系统、远程视频会议系统、远程网络智能化系统的销售、安装及维护。(依法须经批准的项目,经相关部门批准后方可开展经营活动)   福建鑫智创电子科技有限公司 已认证   公司简称： 福建鑫智创电子科技有限公司   主营业务及行业地位： 福建鑫智创电子科技有限公司  联系电话：15394495768 /0599-8630095 周小姐     联系电话：18659427865/0599-8630095 叶先生  邮箱:973707429@qq.com  地址：福建省南平市延平区创世纪二期5#楼1508室招人啦，招人啦！继续招人中继续招人中继续招人中继续招人中继续招人中继续招人中继续招人中继续招人中",http://bbs.np163.net/thread-2785135-1-1.html
[招聘]急聘电商天猫客服,"本公司因业务拓展需要，现招聘以下岗位：一、售前/售后客服，要求如下：1、年龄18-35岁，身体健康；2、熟练操作计算机，打字熟练（太慢的就算了）。3、有淘宝客服经验优先。4、热爱销售行业，具备较强学习能力，工作积极主动。工作内容:1、通过旺旺负责公司天猫网站上产品销售和客户咨询服务，促成交易。2、客户有效沟通和反馈订单信息，准确跟进处理销售订单。3、基本电脑操作必须熟练，以上工作内容有专业培训和业务指导。薪酬待遇：     试用期工资2000元，转正后底薪2000元加满勤400元，销售额提成，KPI奖金，团队奖金，综合薪资：3500~5000元上班时间：    早上8：30到17：30，晚班 17：30到00：00，上六休一。二、天猫电话客服，要求如下：1、普通话流利,良好表达,应对,及沟通能力强；对营销工作有较高的热情，具备较强的学习能力；2、性格坚韧，思维敏捷，具备良好的应变能力和承压能力；3、有敏锐的市场洞察力，有强烈的事业心、责任心和积极的工作态度，有相关电话销售工作经验者优先。4、积极肯干，吃苦耐劳；具有创新精神及团队协作精神工作内容：1、根据公司要求负责电子商务有关方面的推广任务;2、公司安排的其他临时性工作等。薪酬待遇：   1、试用期工资2000元，转正后底薪2000元+满勤400元+提成（综合薪资3000元-4000元左右）上班时间：    早班：8：30到17：30，午班：13：30到21：30，月休4天，欢迎您加入到我们的团队。公司员工福利待遇：以上岗位一经试用合格录取，享有国家公布的法定假期；享受传统节日及员工生日的福利待遇及团队不定期的聚会。满一年享受13薪工资待遇，且底薪加200元/月（封顶3年）。欢迎您加入到我们的团队。地址：南平市金辉大厦2108室联系方式：15716073924联系人：葛女士分享到:  QQ好友和群QQ好友和群",http://bbs.np163.net/thread-2792688-1-1.html
[招聘]急聘淘宝美工天猫设计人员,职责负责淘宝天猫网页上图片内容的设计与更新。要求必须有Ps基础。或有本行相关经验两者均可。招相关专业应届毕业生。学历不限素质要求有学习热情工作态度积极不焦躁希望你1. 不笨2. 有点品味3. 看过很多广告4. 能回答设计是什么?5. 有想法是必须的，实践出来。6. 当你认为别人的设计是垃圾，能拿出更好的。7. 除了看电影、读书、听音乐还有其他的爱好。你想知道的1.这里成立3年，有晋升空间，没复杂阶级。2.薪资为3000底薪加考核，转正后4000-7000。3.在我们的定位里，创意是核心生产力。4. 懂行的人挺多，不会跟你说“感觉不对，再想想”。5. 具有专业的设计指导与辅助，有很大的学习空间。上班时间：早晨：8：30到12：00，下午：13：30到18：00，上6天，休一天。公司员工福利待遇：以上岗位一经试用合格录取，享有国家公布的法定假期；享受传统节日及员工生日的福利待遇及团队不定期的聚会。满一年享受13薪工资待遇，且底薪加200元/月（封顶3年）。欢迎您加入到我们的团队。地址：南平市金辉大厦2108室联系方式：15716073924联系人：葛女士,http://bbs.np163.net/thread-2792497-1-1.html
[招聘]高薪诚聘直通车车手,"岗位职责：1、负责直通车关键词筛选、出价，熟悉竞价排名规则、SEO理论和实践，负责网店标题关键词SEO搜索优化及图片的优化思路；2、负责直通车的各项操作，对直通车运营情况深入分析，以最低的价格获得更高的流量，并提高直通车转化率；3、制定推广方案并负责实施,对推广效果进行评估,对店铺及产品的IP、PV、销量、跳出率、地域分布、转化率等做出专业的数据分析及平时做好竞争对手网站的数据的采集、评估与分析访问量、转化率数据进行分析，定期做数据分析报告；4、负责直通车投放的数据统计并协助运营组进行分析解读，帮助店铺主管提升销售业绩；5、同时负责钻展的日常推广，精通钻石展位，优化钻石展位竞价排名；6、精通淘宝网营销规则,熟悉淘宝网会员的购物习惯和购物心理，负责客户淘宝店铺及产品在淘宝的推广，能有效提升店铺及产品的访问量；有淘宝活动等的操作经验,懂得争取各种推广资源；7、整理每日、周、月监控的数据：流量数据、营销数据、交易数据、产品管理、客户管理；为周、月、季度的销售计划制定方案。岗位要求：1、统招大专学历，有天猫店铺直通车/钻展以及其他付费推广工作1年以上，有优秀案例优先考虑【请携带以往案例及数据前来面试】；2、有较强的执行力，精通淘宝天猫规则及营销推广体系，了解淘宝、天猫直通车业务，熟悉直通车的基本规则；3、自信具备较强逻辑思维能力，能通过数据帮助业务成长，如有成熟工作经验优先录用；4、有一定的领悟能力，责任心强，具备吃苦和奉献精神，认同互联网发展前景，能承受较大压力，具有良好的沟通力及团队合作精神；薪资福利：1、薪资结构：底薪+工龄补贴（满一年）+满勤+KPI1．法定节假日休息，每周工作六天，休一天，2．员工福利：享有国家公布的法定假期，做满一年的享有十三薪及工龄补贴200元/年（三年封顶）。3．团建活动：公司有丰富的文体活动，注重团队凝聚力、协作力培养，满一年员工可享受公司组织的每年一次的旅游，公司有不定期聚餐及团建活动。这是一支年轻的团队，这是一支有战斗力团队，这是一支充满激情有着共同梦想的团队，欢迎志同道合的有为青年的您加入！公司简介：2016年公司成立，目前成员30人。一个年轻人的团队，积极向上，学习力强，目前主营淘宝天猫运动户外用品类目，TOP商家年产值5000万 。公司属于创业型公司，只要你有能力也可以成为创业者、合伙人，公司提供帮助，只要你有能力薪资由你来开！地址：南平市金辉大厦2108室联系方式：15716073924联系人：葛女士",http://bbs.np163.net/thread-2792509-1-1.html
[招聘]招：设计、仓库、运营、助理,招聘岗位1：平面设计            要求：大专以上学历、熟悉PS软件与办公软件， 接受应届毕业生；            工资：3000-5000            工作内容：产品宣传图设计、促销图片设计招聘岗位2:仓管          要求：本地户口，认真负责，会应用电脑做进出库，会骑摩托（可接受偶尔送货）          工资：3500-4000招聘岗位3:电商运营          要求：一年以上相关工作经验         工资：3000-6000         工资内容：产品线上销售运营招聘岗位4:经理助理          要求：计算机相关专业，近期从事计算机方面工作，两年以上工作经验          工资：3000左右          福州中朗民惠国际贸易有限公司成立于2015年，成立初始，公司就立志通过互联网、线上线下结合的运作模式，为客户打造优质的采销供应链体系，而通过短短三年时间的努力，目前公司已迅速发展成为一家实力强劲，销售产品涉及多国家、多品牌、多品类的进口运营商，全年进口量达到5000万元。同时，公司目前是加拿大生物工程有限公司中国区合作商，并与国内多家著名B2B平台长期保持非常良好的合作关系，BEC相关产品在京东、天猫销量也一直领先于同类产品。未来，电商业务（含跨境电商）将是中朗民惠的业务重心，公司也将继续为国内领先的B2B、B2C平台提供优质的产品及采购服务。工作地点：南平马站联系电话：15750731747   邮箱：474593768@qq.com有交医社保吗仓管限男性,http://bbs.np163.net/thread-2792346-1-1.html
[招聘]急聘淘宝美工天猫设计人员,职责负责淘宝天猫网页上图片内容的设计与更新。要求必须有Ps基础。或有本行相关经验两者均可。招相关专业应届毕业生。学历不限素质要求有学习热情工作态度积极不焦躁希望你1. 不笨2. 有点品味3. 看过很多广告4. 能回答设计是什么?5. 有想法是必须的，实践出来。6. 当你认为别人的设计是垃圾，能拿出更好的。7. 除了看电影、读书、听音乐还有其他的爱好。你想知道的1.这里成立3年，有晋升空间，没复杂阶级。2.薪资为3000底薪加考核，转正后4000-7000。3.在我们的定位里，创意是核心生产力。4. 懂行的人挺多，不会跟你说“感觉不对，再想想”。5. 具有专业的设计指导与辅助，有很大的学习空间。上班时间：早晨：8：30到12：00，下午：13：30到18：00，上6天，休一天。公司员工福利待遇：以上岗位一经试用合格录取，享有国家公布的法定假期；享受传统节日及员工生日的福利待遇及团队不定期的聚会。满一年享受13薪工资待遇，且底薪加200元/月（封顶3年）。欢迎您加入到我们的团队。地址：南平市金辉大厦2108室联系方式：15716073924联系人：葛女士后期调片师：2名（工资 底薪+抽成  ）3000-6000 上不封顶。摄影助理：懂得基本助理的 工资更高  （面议） 店里招收：前台 2名摄影学徒：学徒有可能出差  ，能接受的都可以电话联系 .电话 ：  13860091217（微信同号）继续招聘，工作环境好，有晋升空间，欢迎加入！继续招聘，工作环境好，有晋升空间，欢迎加入！天天在家玩的设计，路过帮顶剑津少帅 发表于 2019-6-25 15:03天天在家玩的设计，路过帮顶可以来我们公司试试下，我的联系电话是15716073924,http://bbs.np163.net/thread-2791925-1-1.html
[招聘]招生产文员兼采购文员, 本帖最后由 天华生物质材料 于 2019-6-21 15:08 编辑 招聘：生产文员兼采购文员一名1、任职要求:熟练掌握ofice办公软件，较强的沟通协调能力，做事认真细致(有财务和统计经验优先)。2、性别:男女不限       年龄:25~40岁。3、学历:中技以上文化程度，优秀应届毕业生也予考虑。薪资福利:薪资3500十，月休四天，免费提供食宿;接送上下班。地址：南平市江南工业园区兴盛路1号联系电话：0599-8464899联系人：谢小姐几点上班的？ 本帖最后由 天华生物质材料 于 2019-6-19 14:45 编辑 招聘：生产文员兼采购文员一名1、任职要求:熟练掌握ofice办公软件，较强的沟通协调能力，做事认真细致(有财务和统计经验优先)。2、性别:男女不限       年龄:25~40岁。3、学历:中技以上文化程度，优秀应届毕业生也予考虑。薪资福利:薪资面议，免费提供食宿;接送上下班。地址：南平市江南工业园区兴盛路1号联系电话：0599-8464899联系人：谢小姐 本帖最后由 天华生物质材料 于 2019-6-20 16:46 编辑 招聘：生产文员兼采购文员一名1、任职要求:熟练掌握ofice办公软件，较强的沟通协调能力，做事认真细致(有财务和统计经验优先)。2、性别:男女不限       年龄:25~40岁。3、学历:中技以上文化程度，优秀应届毕业生也予考虑。薪资福利:薪资面议，月休四天，免费提供食宿;接送上下班。地址：南平市江南工业园区兴盛路1号联系电话：0599-8464899联系人：谢小姐有交医社保吗 本帖最后由 天华生物质材料 于 2019-6-21 15:08 编辑 招聘：生产文员兼采购文员一名1、任职要求:熟练掌握ofice办公软件，较强的沟通协调能力，做事认真细致(有财务和统计经验优先)。2、性别:男女不限       年龄:25~40岁。3、学历:中技以上文化程度，优秀应届毕业生也予考虑。薪资福利:薪资3500十，月休四天，免费提供食宿;接送上下班。地址：南平市江南工业园区兴盛路1号联系电话：0599-8464899联系人：谢小姐 本帖最后由 天华生物质材料 于 2019-6-21 15:08 编辑 招聘：生产文员兼采购文员一名1、任职要求:熟练掌握ofice办公软件，较强的沟通协调能力，做事认真细致(有财务和统计经验优先)。2、性别:男女不限       年龄:25~40岁。3、学历:中技以上文化程度，优秀应届毕业生也予考虑。薪资福利:薪资3500十，月休四天，免费提供食宿;接送上下班。地址：南平市江南工业园区兴盛路1号联系电话：0599-8464899联系人：谢小姐 本帖最后由 天华生物质材料 于 2019-6-21 15:08 编辑 招聘：生产文员兼采购文员一名1、任职要求:熟练掌握ofice办公软件，较强的沟通协调能力，做事认真细致(有财务和统计经验优先)。2、性别:男女不限       年龄:25~40岁。3、学历:中技以上文化程度，优秀应届毕业生也予考虑。薪资福利:薪资3500十，月休四天，免费提供食宿;接送上下班。地址：南平市江南工业园区兴盛路1号联系电话：0599-8464899联系人：谢小姐 本帖最后由 天华生物质材料 于 2019-6-21 15:08 编辑 招聘：生产文员兼采购文员一名1、任职要求:熟练掌握ofice办公软件，较强的沟通协调能力，做事认真细致(有财务和统计经验优先)。2、性别:男女不限       年龄:25~40岁。3、学历:中技以上文化程度，优秀应届毕业生也予考虑。薪资福利:薪资3500十，月休四天，免费提供食宿;接送上下班。地址：南平市江南工业园区兴盛路1号联系电话：0599-8464899联系人：谢小姐,http://bbs.np163.net/thread-2792113-1-1.html
[招聘]月薪过万不是梦！,【招聘】延城房产战区现招聘合伙经纪人10名岗位类别：销售上班时间:上午8:30--11:30下午14:00--18：00。月休3天。底薪+高抽成+奖金+房源费+分红。月收入两三万不是梦！多劳多得。上不封顶。带薪提供培训。欢迎有共同梦想，力求发展的有冲劲，有正能量的伙伴加入。公司介绍：延城房产房源上万套。人性化管理，主要经营二手房销售、房屋租赁、过桥盘贷、房产抵押借款等业务。平台完善，发展空间巨大。联系电话18350988825郑先生继续继续继续继续坚持ttkllloooo继续继续继续继续继续继续继续继续继续继续继续继续继续继续继续继续继续继续继续继续继续继续继续继续继续,http://bbs.np163.net/thread-2780357-1-1.html
[招聘]红孩儿童装招聘营业员,"底薪+提成+休息093721le8t4z39knw383ky.jpg(68.43 KB, 下载次数: 3)下载附件保存到相册2019-3-29 09:37 上传欢迎加入我们欢迎加入我们欢迎加入欢迎加入我们欢迎加入我们欢迎加入红孩儿欢迎加入红孩儿欢迎加入红孩儿欢迎加入红孩儿",http://bbs.np163.net/thread-2784121-1-1.html
[招聘]茶楼营业员,"地       址：南平市延平区玉屏东路11-2茶之娱茶楼。                  上班时间：16:00-23:00工        资：2000+提成联系电话：13860036894杨小姐111344d3pfjzcq6fcy0349.jpg(54.25 KB, 下载次数: 4)下载附件保存到相册2018-10-7 11:13 上传具体面议具体面议待遇从优待遇从优欢迎加入欢迎加入欢迎加入欢迎加入",http://bbs.np163.net/thread-2769968-1-1.html
[招聘]电力工程公司招聘：项目经理、预决算人员、工地队长、技工、辅助工、工地司机,本公司专业承接各类电力工程项目：高低压线路架设安装工程、高低压成套配电设备安装及调试工程、变压器安装、配电房建设工程、双电源发电机组安装及调试工程、道路、小区照明及电缆敷设工程、机电设备安装及维护工程。本公司还经营各类机电设备、五金交电、材料、工器具、电力物资等零售与批发等。现因业务拓展需要，急招以下人员（以下人员需适应福建省内出差）：项目经理：1、全日制大专及以上学历。 年龄：28岁-50岁。性别：男。（婚否不限），具有三年以上工作经验。2、形象良好、综合素质高，进取心强。具有良好的商务沟通能力。3、具有驾驶证，能熟练掌握驾驶技术。4、要求掌握办公自动化软件的使用，基本制图。5、负责工程预决算事务、工程资料的制作与管理、工程项目流程跟踪管理、工程施工事务管理、工程商务洽谈。6、此岗位需要的是综合性管理人才，综合能力强者、有从事工程专业三年以上工作经验者优先。试用期：2个月。预决算人员：1、全日制大专及以上学历。 年龄：28岁-45岁。性别：男。（婚否不限），具有三年以上工作经验。2、形象良好、综合素质高，进取心强。具有良好的商务沟通能力。3、要求掌握办公自动化软件的使用，基本CAD制图。4、负责工程预决算事务、工程资料的制作与管理、工程项目流程跟踪管理、工程施工事务管理、工程商务洽谈。6、有从事工程专业三年以上工作经验者优先。试用期：2个月（薪资待遇面议）。工地队长三名要求：1.年龄：25岁-50岁。性别：男。2.吃苦耐劳，身体健康。3.三年及以上电力施工工作经验，根据公司项目经理派工，组织队员完成对应工程的高低压线路架设、道路、小区照明及电缆敷设工程及配电设施安装等工作。待遇：月薪6000起，试用期：1个月。工地司机2名（兼随车吊）1、负责公司的货物运送、工地工人上下班定点接人、兼职吊车（开随车吊车辆，蓝牌）；2、有C1本，5年以上实际驾驶经验，熟悉南平市区及乡镇路况；3、无不良驾驶记录，无重大事故及交通违章，具有较强的安全意识；4、为人踏实、老实忠厚，保密意识强、责任心强，能适应加班，福建省内出差。工地技工数名要求：1.年龄：25岁-50岁。性别：男。2.吃苦耐劳，身体健康。3.两年及以上工作经验，有电力相关工作经验或参与过电力工程施工者优先。工作内容：根据公司项目经理派工，跟施工队长完成对应工程的高低压线路架设、道路、小区照明及电缆敷设工程及配电设施安装等工作。待遇：月薪4300起，试用期：1个月。工地小工数名要求：1.年龄：25岁-50岁。性别：男。2.吃苦耐劳，身体健康。3.有电力相关工作经验或参与过电力工程施工者优先。工作内容：根据公司项目经理派工，协助施工队长、技工完成对应工程的高低压线路架设、道路、小区照明及电缆敷设工程等工作。待遇：月薪3900起，试用期：1个月。具体情况面议！福建省德安电力建设有限公司南平分公司公司地址：福建省南平市延平区亿发海峡建材城6号楼三层（德安电力）联系人： 张女士    电话：18559082580  （正常上班时间内拨打电话08:00-12:00  14:30-18:00）司机多少钱？司机多少钱说一下！B2证十年！工资够我就去司机招到没招司机有回扣吃好欺负 所以暂不透入需免谈,http://bbs.np163.net/thread-2790896-1-1.html
[招聘]急！急！急！招大量普工！！,"福建南平荣坤钢化玻璃有限公司，注册资本金1009万元人民币，目前总投资已达6000多万元人民币。厂区占地面积3万平方米，其中建筑面积2.5万平方米。公司座落在南平市江南新区江南工业园区（距离市区11公里、高铁北站5公里，有多条公交线路），环境优雅，交通便利。       我公司“荣坤玻璃”注册商标已被评为南平市知名商标，安全玻璃CCC认证、并获得了安全生产标准化三级企业证书。我们的目标是：立足闽北，建玻璃深加工的航母，做行业生产的典范！       荣坤公司期待着您的加入！招聘以下岗位：车间技术工（男）：10名要求：年龄18周岁至47周岁，具有团队协作精神、能够吃苦耐劳，有上进心、责任感。有本行业工作经验者优先入取、待遇从优。可适应经常加班。（加班报酬另付）待遇：底薪+计件奖金，月工资在3000-7000左右。福利：公司为员工缴纳社保，公司免费提供住宿（两人一间，房间带卫生间、空调、热水器、光纤上网）及工作餐，不需要住宿的公司补贴路费，年终奖金丰厚工作时间：8:00~12:00,13:30~17:30工作地点：南平市江南开发区文田工业园（夏道）（19路公交车到武夷九峰站下）。联系电话：8465779 ，邱小姐（，可电话咨询，本贴不回复）有意者请发简历至2264926839@qq.com或携带个人简历到公司面试车间技术工（男）：10名要求：年龄18周岁至47周岁，具有团队协作精神、能够吃苦耐劳，有上进心、责任感。有本行业工作经验者优先入取、待遇从优。可适应经常加班。（加班报酬另付）待遇：底薪+计件奖金，月工资在3000-7000左右。工作时间：8:00~12:00,13:30~17:30工作地点：南平市江南开发区文田工业园（夏道）（19路公交车到武夷九峰站下）。联系电话：8465779 ，邱小姐（，可电话咨询，本贴不回复）有意者请发简历至2264926839@qq.com或携带个人简历到公司面试福利：公司为员工缴纳社保，公司免费提供住宿（两人一间，房间带卫生间、空调、热水器、光纤上网）及工作餐，不需要住宿的公司补贴路费，年终奖金丰厚工作时间：8:00~12:00,13:30~17:30工作地点：南平市江南开发区文田工业园（夏道）（19路公交车到武夷九峰站下）。联系电话：8465779 ，邱小姐（，可电话咨询，本贴不回复）有意者请发简历至2264926839@qq.com或携带个人简历到公司面试福建南平荣坤钢化玻璃有限公司，注册资本金1009万元人民币，目前总投资已达6000多万元人民币。厂区占地面积3万平方米，其中建筑面积2.5万平方米。公司座落在南平市江南新区江南工业园区（距离市区11公里、高铁北站5公里，有多条公交线路），环境优雅，交通便利。       我公司“荣坤玻璃”注册商标已被评为南平市知名商标，安全玻璃CCC认证、并获得了安全生产标准化三级企业证书。我们的目标是：立足闽北，建玻璃深加工的航母，做行业生产的典范！       荣坤公司期待着您的加入！工作时间：8:00~12:00,13:30~17:30工作地点：南平市江南开发区文田工业园（夏道）（19路公交车到武夷九峰站下）。联系电话：8465779 ，邱小姐（，可电话咨询，本贴不回复）有意者请发简历至2264926839@qq.com或携带个人简历到公司面试福利：公司为员工缴纳社保，公司免费提供住宿（两人一间，房间带卫生间、空调、热水器、光纤上网）及工作餐，不需要住宿的公司补贴路费，年终奖金丰厚福建南平荣坤钢化玻璃有限公司，注册资本金1009万元人民币，目前总投资已达6000多万元人民币。厂区占地面积3万平方米，其中建筑面积2.5万平方米。公司座落在南平市江南新区江南工业园区（距离市区11公里、高铁北站5公里，有多条公交线路），环境优雅，交通便利。       我公司“荣坤玻璃”注册商标已被评为南平市知名商标，安全玻璃CCC认证、并获得了安全生产标准化三级企业证书。我们的目标是：立足闽北，建玻璃深加工的航母，做行业生产的典范！       荣坤公司期待着您的加入！",http://bbs.np163.net/thread-2790597-1-1.html
[招聘]你从来都不是配角，福励的主角等你来！,福励招募主角啦！请各路大神，自荐或推荐！剧名：厦门福励织造有限公司剧情简介：始终专业、专注于蕾丝花边研发、生产及销售，详细信息请登陆公司官网进一步了解。官网：http://www.xm-fashion.com/角色：储备干部/10人出演片场：此岗位为南平项目管理干部储备岗，在厦门总厂学习工作1年时间，优秀员工可根据公司需要在厦门或南平任职。欢迎来电预约试镜：0592-6299369   18950137205 人资部电子邮件：fu80@achievestar.cn通讯地址：厦门市集美区北部工业区天安路146号福励招募主角啦！请各路大神，自荐或推荐！剧名：厦门福励织造有限公司剧情简介：始终专业、专注于蕾丝花边研发、生产及销售，详细信息请登陆公司官网进一步了解。官网：http://www.xm-fashion.com/角色：储备干部/10人出演片场：此岗位为南平项目管理干部储备岗，在厦门总厂学习工作1年时间，优秀员工可根据公司需要在厦门或南平任职。欢迎来电预约试镜：0592-6299369   18950137205 人资部电子邮件：fu80@achievestar.cn通讯地址：厦门市集美区北部工业区天安路146号福励招募主角啦！请各路大神，自荐或推荐！剧名：厦门福励织造有限公司剧情简介：始终专业、专注于蕾丝花边研发、生产及销售，详细信息请登陆公司官网进一步了解。官网：http://www.xm-fashion.com/角色：储备干部/10人出演片场：此岗位为南平项目管理干部储备岗，在厦门总厂学习工作1年时间，优秀员工可根据公司需要在厦门或南平任职。欢迎来电预约试镜：0592-6299369   18950137205 人资部电子邮件：fu80@achievestar.cn通讯地址：厦门市集美区北部工业区天安路146号福励招募主角啦！请各路大神，自荐或推荐！剧名：厦门福励织造有限公司剧情简介：始终专业、专注于蕾丝花边研发、生产及销售，详细信息请登陆公司官网进一步了解。官网：http://www.xm-fashion.com/角色：储备干部/10人出演片场：此岗位为南平项目管理干部储备岗，在厦门总厂学习工作1年时间，优秀员工可根据公司需要在厦门或南平任职。欢迎来电预约试镜：0592-6299369   18950137205 人资部电子邮件：fu80@achievestar.cn通讯地址：厦门市集美区北部工业区天安路146号福励招募主角啦！请各路大神，自荐或推荐！剧名：厦门福励织造有限公司剧情简介：始终专业、专注于蕾丝花边研发、生产及销售，详细信息请登陆公司官网进一步了解。官网：http://www.xm-fashion.com/角色：储备干部/10人出演片场：此岗位为南平项目管理干部储备岗，在厦门总厂学习工作1年时间，优秀员工可根据公司需要在厦门或南平任职。欢迎来电预约试镜：0592-6299369   18950137205 人资部电子邮件：fu80@achievestar.cn通讯地址：厦门市集美区北部工业区天安路146号,http://bbs.np163.net/thread-2792300-1-1.html
[招聘]中国劲酒招聘,重金寻人，招的就是你诚招销售精英中国劲酒因发展需要招聘延平区域销售精英若干名：薪资待遇：底薪+提成+补贴+奖金；员工福利：免费培训+节日福利+健康体检+团队旅游+年终奖金+五险&#160; 法定节假日正常休假，6天工作制（休息1天/周） 完善的发展空间及晋升渠道待遇：底薪（基本工资）3000+补贴+提成+五险+年终奖；工作地点：建阳&#160;相关要求：1、年龄18-45岁 ，男女不限 &#160;2、勤勉务实，积极进取，团队意识强，有抗压能力，善于沟通，执行力强，有相关经验优先。联系电话：15959909439666666666666666666666666666666666666666666666666666666666666666666666666,http://bbs.np163.net/thread-2786258-1-1.html
[招聘]周末双休、法定节假日放假,福州聚优企业管理有限公司南平分公司招聘啦为建筑公司提供高级管理者要求：年龄：女18～28周岁性格开朗，善于交际，敢于挑战，工作踏实，有销售经验者优先考虑（暑期工勿扰）福利待遇：1.无责底薪+超高点提成+绩效奖金+年终奖（轻松搞定万元月薪）2.节日礼物和每个月聚餐。3.配备个人智能手机。上班时间：早上08：30—12：00，下午14：00—18：00联系人：黄小姐联系方式：15080510602工作地点：四鹤移动厅楼上507室持续招聘中！！！！持续招聘中！！！持续招聘中！！！！持续招聘中！！！是猎头公司吗？ 本帖最后由 猫小米 于 2019-6-17 22:42 编辑 还有招人吗 猫小米 发表于 2019-6-17 22:39还有招人吗有，你有兴趣的话可以过来聊聊持续招聘中！！！持续招聘中！！！,http://bbs.np163.net/thread-2791520-1-1.html
[招聘]国药控股南平新力量有限公司办公室计算机行政后勤、业务员、装卸工等岗位, 本帖最后由 尘风 于 2019-6-3 15:33 编辑 单位简介：国药控股南平新力量有限公司是中国医药集团旗下国药控股股份有限公司的子公司，是一家以药品、医疗器械批发为核心业务的公司，是南平地区销售规模最大、覆盖网络最广、配送服务水平最高、质量信誉最优、增值服务最全的区域性医药流通龙头企业。                因工作需要，南平办事处面向社会招聘计算机行政后勤、销售员、销售内勤、装卸工、兼职电工，具体如下：1、招聘职位：计算机行政后勤岗位任职资格：     （1）男女不限，相关专业中专及以上学历，或2年以上从事相关工作经验者优先；     （2）工作严谨，善于沟通，具备良好的团队合作精神；     （3）工作踏实、责任心强、具备良好职业操守。       工作地点：南平市延平区。2、招聘职位：器械销售员任职资格：     （1）药学相关专业中专及以上学历，或2年以上从事药品或器械销售工作经验者优先；     （2）工作严谨，善于沟通，具备良好的团队合作精神；     （3）工作踏实、责任心强、具备良好职业操守。       工作地点：南平市延平区。3、招聘职位：销售员任职资格：     （1）药学相关专业中专及以上学历，或2年以上从事药品销售工作经验者优先；     （2）工作严谨，善于沟通，具备良好的团队合作精神；     （3）工作踏实、责任心强、具备良好职业操守。       工作地点：南平市延平区。4、招聘职位：销售内勤任职资格：    （1）药学相关专业中专及以上学历；    （2）熟练使用办公软件；    （3）具备计划执行能力、较强的人际沟通、语言表达能力、团队合作能力。    工作地点：南平市延平区。5、招聘职位：中药验收员任职资格：      （1）男女不限，中专及以上学历，中药学相关专业，会电脑操作；      （2）身体健康，能吃苦耐劳；      （3）责任心强，服从安排，有团队精神。          工作地点：南平市延平区；6、招聘职位：装卸工任职资格：      （1）男性，会认字，身体健康，能吃苦耐劳，品行端正，无不良嗜好；      （2）责任心强，服从安排，有团队精神。          工作地点：南平市延平区7、招聘职位：门卫     工作地点：南平市延平区       待 遇：本企业为国企，缴纳五险一金，工资实行底薪加绩效（提成）制，享受公司各项福利。       有意者请到办公室公司面谈，联系电话：0599-8630590  13559839965         网投简历请按本公司模板填写简历发至:fjxll_xx@163.com，并附身份证及相关证件照片，随附近照一张。       公司地址：南平市延平区西溪路64-5号（乘公交1路车或22路车到高新区站下车，向后走100米看见新力量医药绿色标志牌后向坡上直走）       附：个人简历模板下载:http://www.fjxllyy.com/jl.xls计算机后勤待遇如何？你好！本人财务专业，想应聘计算机行政后勤yyl 发表于 2019-5-23 01:27你好！本人财务专业，想应聘计算机行政后勤欢迎来电咨询继续招聘中！继续招聘中！秩序员： 岗位职责:一、熟练和掌握中央监控、消防报报警等设备的技术性能及操作方法 二、主动发现监控上的各种动态情况 三、与固定岗、巡逻岗经常保持联系，及时通报有关情况，处理各类一般事件和紧急事件，并及时报告邻班。 四、对于联系工作的电话或来访客人，要热情礼貌地应答接待，对客人打错或误打的报警电话要耐心解释，沟通要表达清楚，避免误会。 五、对需要移交下一班次处理的工作，应做好书面记录及口头移交。 六、完成上级交办的其它任务 任职资格:1、有服务意识，35周岁以下，173cm以上（退伍军人可170以上）。 薪资待遇：1、薪资试用期3800-5000元/月，表现优异者转正可再提薪维修技工： 一、岗位职责 负责业主室内报修维修。 二、岗位要求（50周岁以下） 木工，窗工，打胶工，瓦工，大理石工，木饰面工，大白壁纸工皆可。 初中或以上学历，3年以上同等岗位工作经验。上班时间：   8：30-17:30三、薪资待遇：1、月薪4300-6000元，具体面议救生员：岗位职责；1.具有高度的安全意识和责任感，对游客安全负责。2.做好游泳者的安全管理，严格按儿童池、成人池、深水区、浅水区的规定进行管理，对越界和不服从劝阻的游客进行警告。3.密切注意池内情况，特别是人池口，深浅分界区、成人池儿童池交界区等；发现有求救信号、遇溺等异常情况的，应果断迅速采取有效救助措施。健身教练：岗位职责：1、帮助会员熟悉并且正确的使用健身器材。2、帮助会员了解和认清自身的身体状况。3、以专业的知识在最短时间内帮助会员达到目标。 4、指导会员执行长期的健身计划，帮助会员保持良好的身材。5、帮助会员远离“三高”食物，安排健康的日常饮食。 任职资格： 男性，18-30周岁，五官端正，形象气质良好，持证者优先。 薪资待遇：1、月薪3000+抽成（旺季可达2w多）；以上岗位均有待遇：1、包吃住；2、五险（入职即可办理）3、法休加班三倍补助 面试地址：福建省南平市延平闽江路31号恒大御景10号楼二楼物业服务中心（南平技师学院日冠东城对面） 联系人：杨女士 联系电话：0599-6160050（来电咨询时间：周一至周日9：00-12:00 14:00-17:30） （诚意应聘者请电话咨询，下班时间勿扰，谢谢！）继续招聘中！继续招聘中！继续招聘中！,http://bbs.np163.net/thread-2789464-1-1.html
[招聘]快快加入我们吧！招聘会计、司机、销售文员、开单员, 本帖最后由 wt888 于 2019-6-19 17:10 编辑 公司因业务需要，现招、销售文员、会计、司机、开单员销售文员1人要求：1、熟练使用电脑，Excel、Word软件，有经验者优先，年龄：20至35岁，学历： 中专以上，女性，有责任心。招聘会计1人要求：会电脑软件做账，有3年以上做账经验。年龄:25至55岁，学历：中专以上学历。司机1人：1、三年以上驾驶经验，有货车经验者优先，有责任心，细心。（会开大车）开单员1人：要求：1、熟练使用电脑，年龄：20至35岁，学历： 中专以上，有责任心，有经验者优先。有意者请携带个人身份证、毕业证及驾驶证至本公司面试。工资面议！工作时间：8.00-12.00    2.00-18.00地址：南平延府豪庭3梯3157室电话：0599-8601937/18659959006审单员是做什么的？邮箱是多少 先发简历去看看呗不进则退。 发表于 2017-11-23 11:31邮箱是多少 先发简历去看看呗1513903793@qq.com,http://bbs.np163.net/thread-2733141-1-1.html
[招聘]南平西方财富酒招各岗位人员, 本帖最后由 hymy 于 2019-6-24 08:08 编辑 南平西方财富酒店因业务发展现需招以下岗位人员财务部：出纳一名工程部：软件维护一名客房部：房务员数名客房部：布草员一名餐饮部：总监（经理）餐饮部：酒水管理员一名餐饮部：服务员数名前厅部：前台接待员数名福利待遇酒店提供三餐。酒店提供住宿。每月发放洗涤福利。每月享受4天休息时间，享受法定节假日，带薪年假。根据酒店经营业绩发放年终奖。效益奖入职一年后可享受工龄补贴50元/月，300元封顶。具体岗位薪资待遇可咨询酒店行政人事部有意请联系电话：0599-61101140599-6110094地址：南平市滨江北路177号南平西方财富酒店行政人事部南平西方财富酒店因业务发展现需招以下岗位人员人事部：行政文员1名工程部：万能工1名客房部：房务员数名餐饮部：总监（经理）餐饮部：领班2名餐饮部：服务员数名前厅部：前台接待员数名财务部：成本会计1名安保部：保安员兼司机1名福利待遇酒店提供三餐。酒店提供住宿。每月发放洗涤福利。每月享受4天休息时间，享受法定节假日，带薪年假。根据酒店经营业绩发放年终奖。效益奖入职一年后可享受工龄补贴50元/月，300元封顶。具体岗位薪资待遇可咨询酒店行政人事部有意请联系电话：0599-61101140599-6110094地址：南平市滨江北路177号南平西方财富酒店行政人事部南平西方财富酒店因业务发展现需招以下岗位人员人事部：行政文员1名工程部：万能工1名客房部：房务员数名餐饮部：总监（经理）餐饮部：领班2名餐饮部：服务员数名前厅部：前台接待员数名财务部：成本会计1名安保部：保安员兼司机1名福利待遇酒店提供三餐。酒店提供住宿。每月发放洗涤福利。每月享受4天休息时间，享受法定节假日，带薪年假。根据酒店经营业绩发放年终奖。效益奖入职一年后可享受工龄补贴50元/月，300元封顶。具体岗位薪资待遇可咨询酒店行政人事部有意请联系电话：0599-61101140599-6110094地址：南平市滨江北路177号南平西方财富酒店行政人事部南平西方财富酒店因业务发展现需招以下岗位人员人事部：行政文员1名工程部：万能工1名客房部：房务员数名餐饮部：总监（经理）餐饮部：领班2名餐饮部：服务员数名前厅部：前台接待员数名财务部：会计1名安保部：保安员兼司机1名福利待遇酒店提供三餐。酒店提供住宿。每月发放洗涤福利。每月享受4天休息时间，享受法定节假日，带薪年假。根据酒店经营业绩发放年终奖。效益奖入职一年后可享受工龄补贴50元/月，300元封顶。具体岗位薪资待遇可咨询酒店行政人事部有意请联系电话：0599-61101140599-6110094地址：南平市滨江北路177号南平西方财富酒店行政人事部分享到:  QQ好友和群QQ好友和群本帖最后由 hymy 于 2019-2-14 08:09 编辑南平西方财富酒店因业务发展现需招以下岗位人员人事部：行政文员1名工程部：万能工1名客房部：房务员数名餐饮部：总监（经理）餐饮部：领班2名餐饮部：服务员数名前厅部：前台接待员数名财务部：会计1名安保部：保安员兼司机1名福利待遇酒店提供三餐。酒店提供住宿。每月发放洗涤福利。每月享受4天休息时间，享受法定节假日，带薪年假。根据酒店经营业绩发放年终奖。效益奖入职一年后可享受工龄补贴50元/月，300元封顶。具体岗位薪资待遇可咨询酒店行政人事部有意请联系电话：0599-61101140599-6110094地址：南平市滨江北路177号南平西方财富酒店行政人事部南平西方财富酒店因业务发展现需招以下岗位人员人事部：行政文员1名工程部：万能工1名客房部：房务员数名餐饮部：总监（经理）餐饮部：领班2名餐饮部：服务员数名前厅部：前台接待员数名财务部：会计1名安保部：保安员兼司机1名福利待遇酒店提供三餐。酒店提供住宿。每月发放洗涤福利。每月享受4天休息时间，享受法定节假日，带薪年假。根据酒店经营业绩发放年终奖。效益奖入职一年后可享受工龄补贴50元/月，300元封顶。具体岗位薪资待遇可咨询酒店行政人事部有意请联系电话：0599-61101140599-6110094地址：南平市滨江北路177号南平西方财富酒店行政人事部南平西方财富酒店因业务发展现需招以下岗位人员人事部：行政文员1名工程部：万能工1名客房部：房务员数名餐饮部：总监（经理）餐饮部：领班2名餐饮部：服务员数名前厅部：前台接待员数名财务部：会计1名安保部：保安员兼司机1名福利待遇酒店提供三餐。酒店提供住宿。每月发放洗涤福利。每月享受4天休息时间，享受法定节假日，带薪年假。根据酒店经营业绩发放年终奖。效益奖入职一年后可享受工龄补贴50元/月，300元封顶。具体岗位薪资待遇可咨询酒店行政人事部有意请联系电话：0599-61101140599-6110094万能工是做什么的南平西方财富酒店因业务发展现需招以下岗位人员人事部：行政文员1名工程部：万能工1名客房部：房务员数名餐饮部：总监（经理）餐饮部：领班2名餐饮部：服务员数名前厅部：前台接待员数名财务部：会计1名安保部：保安员兼司机1名福利待遇酒店提供三餐。酒店提供住宿。每月发放洗涤福利。每月享受4天休息时间，享受法定节假日，带薪年假。根据酒店经营业绩发放年终奖。效益奖入职一年后可享受工龄补贴50元/月，300元封顶。具体岗位薪资待遇可咨询酒店行政人事部有意请联系电话：0599-61101140599-6110094地址：南平市滨江北路177号南平西方财富酒店行政人事部南平西方财富酒店因业务发展现需招以下岗位人员人事部：行政文员1名工程部：万能工1名客房部：房务员数名餐饮部：总监（经理）餐饮部：领班2名餐饮部：服务员数名前厅部：前台接待员数名财务部：会计1名安保部：保安员兼司机1名福利待遇酒店提供三餐。酒店提供住宿。每月发放洗涤福利。每月享受4天休息时间，享受法定节假日，带薪年假。根据酒店经营业绩发放年终奖。效益奖入职一年后可享受工龄补贴50元/月，300元封顶。具体岗位薪资待遇可咨询酒店行政人事部有意请联系电话：0599-61101140599-6110094地址：南平市滨江北路177号南平西方财富酒店行政人事部,http://bbs.np163.net/thread-2779098-1-1.html
[招聘]南平美亚健康体检中心---美亚欢迎您,招聘如下岗位：1.销售代表5人。2.前台2人，形象气质佳，有相关工作经验。3.护士2人，具有相关护理工作经验，有相应护士证件。4.彩超医生1人，证照齐全，相关工作经验8年以上，具有初级及以上职称，女士优先。销售薪资：无责任底薪+绩效奖金+达标奖金；彩超医生薪资面议。员工福利：法定节假日带薪休假、节日礼包、生日券、交通补贴、话费补贴、员工体检、五险、满一年享有企业带薪年假。地址：延平区江滨南路232号武夷名仕园2号楼8层电话：0599-8801711       美亚欢迎您有意向咨询欢迎拨打电话：0599-8801711欢迎拨打电话咨询：0599-8801711欢迎拨打电话咨询：0599-8801711美亚欢迎您,http://bbs.np163.net/thread-2792344-1-1.html
[招聘]招淘宝客服，电话客服，助理（工作地点：新城中心）, 本帖最后由 gd17wait 于 2019-6-25 23:41 编辑 淘宝客服5名（细心，乐观开朗，有责任，年龄35岁以内） 1，有良好的职业操守。无不良嗜好，做风正派，有团队协作意识。2，做事认真负责，不浮躁，遵守公司规章制度。3，接待网购客户，促成成交，并妥善处理好售后事宜。不收兼职和在家上班的上班时间：8：30-16：30，16：30-24：00薪资待遇：2500元+抽成（转正后）电话客服5名（细心，乐观开朗，有责任，年龄35岁以内） 1，有良好的职业操守。无不良嗜好，做风正派，有团队协作意识。2，做事认真负责，不浮躁，遵守公司规章制度。3，电话开发客户，促成成交不收兼职和在家上班的上班时间：9：00-18：00薪资待遇：2500元+抽成（转正后）助理 （细心，乐观开朗，有责任，年龄35岁以内）1，有良好的职业操守。无不良嗜好，做风正派，有团队协作意识。2，做事认真负责，不浮躁，遵守公司规章制度。3，协助主管完成公司日常工作。不收兼职和在家上班的上班时间：9：00-18：00（8小时制）薪资待遇：2500元（根据实际能力和工作表现加薪）工作地点：新城中心有意者电话15159984022柯先生淘宝客服男的要不要，工作地点在哪招淘宝客服，电话客服，助理a769076618 发表于 2019-6-15 20:05淘宝客服男的要不要，工作地点在哪有招，工作地点暂时在水泥厂有意者电话15159984022柯先生有意者电话15159984022柯先生,http://bbs.np163.net/thread-2791509-1-1.html
[招聘]诚招专职会计、门窗技术人员、网站维护人员、车间人员,福建祈盛门窗工程有限公司位于南平市江南工业园区(文田)，是一家集自主研发、生产、安装、售后于一体的高端系统门窗供应商；公司总厂位于南平市； 专一提供休闲阳光房、铝木复合断桥窗、断桥窗纱一体系统窗、重型推拉门、智能系统门窗、铝合金推拉窗系统等产品；公司已通过ISO9001质量管理体系认证；现因市场持续发展，需招如下人员：1、生产下单员3名：男女不限，会有点CAD制图，做事细心，20-50岁；2、门窗技术员3名：有从事过系统门窗生产管理，熟悉制作流程，50岁以内；3、车间制作人员20名：车间制作人员（流水线作业），吃苦耐劳，50岁以内；4、诚聘专职会计：财务相关专业大专以上学历， 有会计从业资格证，两年以上相关   工作经验，受过文秘、客户服务管理、档案管理等方面的培训者优先。5、网站推广、维护、更新：兼职（合作模式面谈）上班地点：南平市夏道文田工业园区（19路车到厂门口），上班时间8:00～12:00，13:30～17:30，（每日3餐，可住宿）联系人：林先生18874772040    李先生15859925886   ,http://bbs.np163.net/thread-2792428-1-1.html
[招聘]依尔婴大量招工_电商仓管_美工摄影_会计_工厂一线," 本帖最后由 udbfcu 于 2019-6-5 16:45 编辑     依尔婴服饰有限公司主要生产婴幼儿服饰，2011年至今已形成集合生产、设计、电商销售一条龙的企业科技型企业。    公司“依尔婴”品牌获得省著名商标称号。2018年公司实现工业与信息两化融合，并通过了政府验收。    我们的产品在电商市场不仅得到全国人民的好评，在跨境电商业务上老外也对我们好评如潮。    公司正处在飞速增长的时期，缺少的就是您这样的人，勇于创新，坚持奋斗，勤劳朴实。等您加入我们一同伴随公司发展共创辉煌。    公司三部门面向全社会招收如下人才。★★★联系电话：13695082480郑先生（请工作时间拨打，中午与晚间请勿打扰）★★★☆☆☆☆ 其他岗位请发简历询问，邮箱yeyzy@qq.com ☆☆☆☆一、电商部：（地址： 延平区滨江北路177号综合楼四楼，纸厂内）★电商仓管    招聘人数：1人    招聘要求：女性，中学或以上学历，年龄40岁以下，认真、细致、具有团队协作精神。    工资薪酬：2800-4000（保底+绩效+提成）★跟单文员    招聘人数：1人    招聘要求：有从事服装或电商行业相关经验，大专或以上学历，有一定文案功底；年龄40岁以下，女性为佳。    工资薪酬：3000-5000（保底+绩效+提成，提成不设上限）★摄影    招聘人数：1人    招聘要求：大专或以上学历，有从事相关经验2年以上，认真、细致、创新、具有团队协作精神。    工资薪酬：面议★美工    招聘人数：1人    招聘要求：大专或以上学历，美术设计或相关专业；认真、细致、创新、具有团队协作精神；能够熟练的使用各种界面设计工具(PS、AI、DW、CDR)；接受应届毕业生，有工作经验更佳。    工资薪酬：3000-5000（保底+绩效+提成，提成不设上限）★会计    招聘人数：1人    招聘要求：大专或以上学历，会计相关专业，具备会计从业资格证书；熟悉国家金融政策、企业财务制度及流程、会计电算化；认真、细致、创新、具有团队协作精神；具备生产型企业财务部门2年以上工作经验，服装行业更佳。    工资薪酬：3000-5000（视工作情况单双休）★服装设计    招聘人数：2人    招聘要求：大专或以上学历，服装设计、平面设计等相关专业，认真、细致、创新、具有团队协作精神，接受应届毕业生；熟悉面辅料，了解定制工艺流程，有相关工作经验者优先。    工资薪酬：3000-6000（保底+绩效+提成）★采购文员    招聘人数：1人    招聘要求：大专或以上学历（有服装行业跟单经验可以放宽）；电脑操作熟练，能熟练使用office办公软件；认真、细致、创新、具有团队协作精神；具备采购相关2年以上工作经验，服装行业更佳，接受应届毕业生。    工资薪酬：3000-5000（保底+绩效+提成）二、纸厂生产部：（地址： 延平区滨江北路177号纸厂车间二楼，纸厂内）★一线工人    招聘人数：160人    招聘要求：18周岁以上，不会可以培训，从事服装生产各工序（打样、验针、烫衣、点数、入库、拷克、专机、双针、验片、验衣）。    工资薪酬：3000-8000（计件工资、视熟练度有所区别）     车位新人首月奖励800元，三月后支付。★现场主管    招聘人数：4人    招聘要求：有服装行业工作经验，有品质管理意识。    工资薪酬：4000-7000（保底+绩效）三、美众生产部：（地址： 延平区东溪路147号，马站美众园区内）★一线工人    招聘人数：100人    招聘要求：18周岁以上，性别不限，经验不限，不会可以培训，从事服装生产各工序，拷克、专机、双针、检验、打扣、剪线头等。    工资薪酬：3000-8000（计件工资、视熟练度有所区别）     车位新人首月奖励800元，三月后支付。★现场主管    招聘人数：2人    招聘要求：有服装行业工作经验，从事现场管理工作2年以上，有品质意识，认真、细致、具有团队协作精神。    工资薪酬：4000-7000（保底+绩效）其他福利待遇：一线工人享有记件工资提成10-30%，伙食补贴、车费补贴，满足条件人员缴纳社保医保；美众生产部另提供有食堂、住宿、专车接送。★★★联系电话：13695082480郑先生（请工作时间拨打，中午与晚间请勿打扰）★★★☆☆☆☆ 其他岗位请发简历询问，邮箱yeyzy@qq.com ☆☆☆☆ 本帖最后由 udbfcu 于 2019-4-3 08:39 编辑 IMG_9297_副本.jpg(57.34 KB, 下载次数: 4)下载附件保存到相册2019-2-19 10:17 上传IMG_9544_副本.jpg(62.82 KB, 下载次数: 5)下载附件保存到相册2019-2-19 10:22 上传IMG_9673_副本.jpg(57.73 KB, 下载次数: 4)下载附件保存到相册2019-2-19 10:17 上传IMG_9591_副本.jpg(67.58 KB, 下载次数: 4)下载附件保存到相册2019-2-19 10:17 上传IMG_9627_副本.jpg(64.08 KB, 下载次数: 4)下载附件保存到相册2019-2-19 10:17 上传IMG_9832_副本.jpg(56.11 KB, 下载次数: 4)下载附件保存到相册2019-2-19 10:17 上传IMG_9917_副本.jpg(56.7 KB, 下载次数: 4)下载附件保存到相册2019-2-19 10:17 上传支持一下论坛门槛太高了，人流少了继续求关注、求推广。好冷清呀！今天居然只有一个验证码队伍很浩大！！焚夜 发表于 2019-2-24 15:30队伍很浩大！！感谢搬顶继续顶呀",http://bbs.np163.net/thread-2780157-1-1.html
[招聘]南平市武夷嘉元投资有限公司延平区、建瓯、武夷山加油站招聘启事,"加油站招聘启事：南平市武夷嘉元投资有限公司是福建武夷交通运输股份有限公司和中国石油天然气股份有限公司的合资单位，目前经营延平区运兴加油站（环城中路102号）、建瓯运通加油站（水西路263号）、武夷山运盛加油站（五九北路85号）3座加油站。拟招聘加油员、值班经理、油站经理若干名   应聘条件：   1、年龄不超过40周岁、有从事过加油站或危化行业工作经验者优先   2、加油员实行三班倒工作制   3、员工经过考核可逐级晋升   4、值班经理、油站经理必须取得危险化学品安全员资格证   薪酬待遇：   1、按国家及企业管理规定，参保五险一金，享受工龄、夜班津贴；高温、话费、误餐补助；年休假等待遇   2、薪酬实行保底基础工资+绩效工资   3、根据油站经营考核情况，发放各类奖励和年终奖   联 系 人：邱  辉   联系电话：18960668418   邮   箱：254840438@qq.com微信图片_20190625223340.jpg(37.34 KB, 下载次数: 0)下载附件保存到相册2019-6-25 22:37 上传",http://bbs.np163.net/thread-2792675-1-1.html
[招聘]“医管家”南平市第一医院服务中心招人啦！！！,"""医管家""成立于2002年，是国家物业服务一级资质企业、中国物业服务50强、上海市物业行业诚信承诺AAA级企业，也是国内市场化程度最高、规模最大、跨区域经营的医疗机构后勤支持管理服务供应商。公司总部位于上海外滩，下辖16家区域性分公司，一万余名员工，为超过500万建筑平方米的机构提供提供专业服务的各类运行支持和后勤保障服务，公司在“追求卓越，帮助人发展”的使命指导下，不断加强后勤支持管理服务技术和程序的创新，在医疗后勤服务行业里都起到了引领作用。公司不仅乐于引进人才，更着重于自我培养人才，已形成的优秀人才梯队是公司的核心竞争力之一。公司为员工提供：大量专业、系统的培训和学习机会；宽广的职业平台、个人提升与发展空间以及多种职业选择机会；才有所用、劳有所得，以绩效为导向的有竞争力的报酬；融洽的工作氛围、团结进取的团队、人性化的管理。  一、招聘岗位调度2名主管2名运送员 数名手术室门岗2名电梯员  2名专项人员 6名楼层保洁员  数名夫妻优先二、薪酬福利、岗位待遇：调度：2000-2400元，男女不限，四十五周岁内，口齿清晰，头脑灵活，吃苦耐劳，为人踏实，耐心细心，高中及大专学历以上，懂智能手机、电脑操作；主管：3000-4000元，男女不限，四十五周岁内，大专学历及以上，头脑灵活，吃苦耐劳，懂电脑操作，有经验者优先；手术室门岗：负责控制手术室人员进出，与手术无关人员不得随意进入手术室；供应当天医护人员的衣裤、口罩、帽子、鞋子，并负责第二天口罩、帽子、衣裤的准备工作，如有更衣柜负责更衣柜钥匙的管理；负责做好包干区日常环境卫生工作；运送员：2000-3000元，男女不限，身体健康，无不良嗜好，无需相关经验，能吃苦耐劳，不抱怨，为人忠厚。负责运送单据、标本、大输液、物资等工作；电梯员：工资面议，身体健康，无不良嗜好，无需相关经验，能吃苦耐劳，不抱怨，为人忠厚。负责维持秩序；专项人员：2000-2500元，身体健康，无不良嗜好，能吃苦，不抱怨，负责院内专项工作（洗地机的操作、地面保养与维护、玻璃清洁、不锈钢清洁与保养）；楼层保洁员：2000-2800元，无不良嗜好，能吃苦耐劳，不抱怨，负责科室楼层区域日常保洁与维护工作；凡在法定年龄内，男性60，女性50，均缴纳五险（养老保险、医疗保险、失业保险、工伤保险和生育保险）！三、联系人、联系方式、联系地址郑经理   18259929193福建省南平市延平区317号南平市第一医院办公楼附属楼医管家办公室南平医管家 发表于 2019-5-27 09:34期待您的加入还招人吗",http://bbs.np163.net/thread-2789458-1-1.html
[招聘]福建众仁房地产营销策划有限公司招聘平面设计师、策划文案专员," 本帖最后由 中华英雄5566 于 2019-6-24 17:08 编辑 福建众仁房地产营销策划有限公司、南平市汉宸文化传媒有限公司   因业务需要现诚聘：一、房地产策划文案：（一）基本素质要求：    1）勤奋、敬业、责任感强；    2）熟悉市场营销理论，有较丰富的涉世经验和深厚的文化底蕴；    3）熟悉了解房地产营销策划相关物业建筑知识；    4）能较熟悉的掌握使用计算机；    5）创意及文字表达能力强；     6）擅于沟通。    （二）职责描述：    1、遵守公司的各项规章制度；高度认同公司的价值体系，忠诚于公司的事业。    3、谙熟全程房地产营销策划及项目的推广程序。    4、项目策划推广、促销策略的制定，并建立相关素材推广库。    5、能独立完成项目的相关策划文案；广告策划案的编写。    6、项目楼书、各种宣传册、宣传期刊的文案编写工作。    8、对房地产宏观、微观市场动态有真知灼见的认知，并能掌握房地产的各种信息和相关理论，演绎到房地产的全程开发之中。    9、协调配合部门经理做好其他方面的工作。二、平面设计师：1、精通平面设计、熟悉设计软件( photoshop、 illustrator 、 coreldraw 、 pagemake 等);能独立完成设计工作;2、具有较高的艺术修养和品位，美术功底深厚，能准确完整的表达自己的思路;3、对视觉有较敏锐的鉴赏力，对营销策略有较强的理解能力，了解各种传播形式所需文案特点及广告文案撰写;4、设计创意丰富自然，有思想、擅表达，不墨守成规、有进取精神;5、工作认真细心，责任感强，能承受一定工作压力。薪资待遇:面议。我们提供的不仅仅是一个平台，更是一份事业！欢迎具有团队意识，勇于进取的有志之士加入。福建众仁房地产营销策划有限公司　南平市汉宸文化传媒有限公司地址：南平市创世纪B区9#楼1301室联系电话：13004956999邮箱：3338129844@qq.com,QQ：3338129844请问设计需要兼职的嘛？",http://bbs.np163.net/thread-2792541-1-1.html
[招聘]（急聘）福建象屿招签约文员, 本帖最后由 mei6009 于 2019-6-25 02:59 编辑 一、岗位职责：1、负责销售合同签订、客户档案整理；2、销售台账录入、资料整理复印等文职相关工作。3、限女生二、岗位要求：1、中专以上学历，会使用word、excel等办公软件；2、有一年以上销售文员或文职类工作经验等优先考虑；3、做事认真细致、有责任心。三、薪资待遇：参考月薪2500-3000左右。工作地址：南平市延平区李侗路江南第一城营销中心工作时间：8:30-12:00     14:00-17:30  周一至周五轮休一天联系电话：0599-8869510联系人：王女士合适的亲，可直接发简历至178384258@qq.comhttps://np.597.com/job-9d0fae3018877.html合适的亲，可直接发简历至178384258@qq.com合适的亲，可直接发简历至178384258@qq.com合适的亲，可直接发简历至178384258@qq.com合适的亲，可直接发简历至178384258@qq.com合适的亲，可直接发简历至178384258@qq.commei6009 发表于 2019-5-17 02:36合适的亲，可直接发简历至有没有交医保社保合适的亲，可直接发简历至178384258@qq.com合适的亲，可直接发简历至178384258@qq.com合适的亲，可直接发简历至178384258@qq.com,http://bbs.np163.net/thread-2786678-1-1.html
[求职]衣服导购，手工活。,    帮老婆找工作，有做过服装厂平车，加油员，服装导购员，工资要求3000这样，不接受长夜班。,http://bbs.np163.net/thread-2792659-1-1.html
