title,url
闽北日报社招聘启事,thread-2791952-1-1.html
即日起，闽北互动论坛面向南平地区的网友正式开放注册！,thread-2784644-1-1.html
工作轻松  薪资三千,thread-2789362-1-1.html
电力工程公司招聘：项目经理、预决算人员、工地队长、技工、辅助工、工地司机,thread-2790896-1-1.html
有没创世纪的工作？,thread-2790628-1-1.html
南平广告公司有招人的吗？,thread-2792446-1-1.html
国企招人！国药（南平）器械有限公司诚聘！,thread-2789511-1-1.html
新帖 创世纪三期日春茶业长期招聘  月薪4000 正在招聘2019-6-16,thread-2760390-1-1.html
薪资2000-3000招聘行政,thread-2789582-1-1.html
月收入4000---7000元,thread-2707236-1-1.html
母婴店急招收银员和婴儿游泳馆泳疗师,thread-2792627-1-1.html
求一份防损员的工作,thread-2792124-1-1.html
[招聘] 南平安然（五险一金）招聘市场开发员、主管,thread-2792117-1-1.html
中国劲酒招聘,thread-2786258-1-1.html
招募货轮船员,thread-2792038-1-1.html
南平协和招聘护士、药房,thread-2791333-1-1.html
武夷名仕广场劲嗨王国电玩城,thread-2792613-1-1.html
南平市科达新技术开发有限责任公司,thread-2792089-1-1.html
招聘电脑技术员、业务员,thread-2792294-1-1.html
高薪招聘咨询话务员.业务员10名,thread-2779812-1-1.html
南平中视屏联传媒招聘，市场业务拓展人员数名！,thread-2690372-1-1.html
招淘宝客服，电话客服，助理,thread-2791509-1-1.html
华安保险招聘,thread-2791398-1-1.html
南平市品味贸易有限公司诚聘,thread-2789434-1-1.html
诚聘,thread-2792220-1-1.html
招电话客服，长期员工,thread-2792609-1-1.html
南平创达贸易招诚聘--送货员,thread-2792567-1-1.html
聘淘宝美工天猫设计人员,thread-2792496-1-1.html
急聘淘宝美工天猫设计人员,thread-2791925-1-1.html
快快加入我们吧！招聘会计、司机、销售文员、开单员,thread-2733141-1-1.html
招聘合生元奶粉负责人,thread-2789986-1-1.html
招聘业务员,thread-2736332-1-1.html
红孩儿童装招聘营业员,thread-2784121-1-1.html
茶楼营业员,thread-2769968-1-1.html
高级茶艺师6月22日开班啦！,thread-2791198-1-1.html
月嫂免费培训,thread-2779151-1-1.html
招聘文员3000元，设计7000元。。。。。。。。。。。。。。。。。。。,thread-2791824-1-1.html
南平武夷牧歌招聘销售助理,thread-2792607-1-1.html
南平西方财富酒招各岗位人员,thread-2779098-1-1.html
南平武夷牧歌招聘送货司机、低温业务员、餐饮合伙人,thread-2792599-1-1.html
找部短途货车开,thread-2669673-1-1.html
求职,thread-2792600-1-1.html
招人啦  看过来 看过来 想学习你的  欢迎加入我们,thread-2791974-1-2.html
周末双休、法定节假日放假,thread-2791520-1-2.html
厦门国际银行招聘客户经理、综合柜员及财务人员,thread-2792601-1-2.html
招收银一名,thread-2781565-1-2.html
暑假招聘大量优秀大学生做家教,thread-2792267-1-2.html
南平信息技术有限公司招聘商务文员一名,thread-2791898-1-2.html
求职上班时间下午到晚上的,thread-2792550-1-2.html
诚招二级建造师、办公室主任、劳务员、资质维护人员、现场施工员。,thread-2791584-1-2.html
柴油发电机区域经理,thread-2786654-1-2.html
暑期工,thread-2792223-1-2.html
(急聘）福建象屿招策划主管,thread-2792592-1-2.html
（急聘）福建象屿招营销部策划专员,thread-2792591-1-2.html
招聘暑假工,thread-2792595-1-2.html
图书公司招聘，欢迎加入,thread-2791877-1-2.html
月薪过万不是梦！,thread-2780357-1-2.html
文职，销售都可接受，工资要有弹性！,thread-2790685-1-2.html
求晚上兼职的工作有的留言,thread-2792593-1-2.html
（急聘）福建象屿招签约文员,thread-2786678-1-2.html
你从来都不是配角，福励的主角等你来！,thread-2792300-1-2.html
急！急！急！招大量普工！！,thread-2790597-1-2.html
招聘优秀的你，两个岗位可选,thread-2791547-1-2.html
急聘淘宝美工天猫设计人员,thread-2792497-1-2.html
高薪诚聘直通车车手,thread-2792509-1-2.html
广润物业招聘安保 保洁人员,thread-2790117-1-2.html
求职,thread-2792575-1-2.html
招聘,thread-2792573-1-2.html
招聘电脑开单员,thread-2792572-1-2.html
爱心护理学校专业培训（月嫂、催乳师）！！！,thread-2792179-1-2.html
找业务类工作,thread-2792515-1-2.html
有多种行业的做账经验，有需要的请加微信，谢谢。,thread-2782545-1-2.html
招会计一名,thread-2792535-1-2.html
依尔婴大量招工_电商仓管_美工摄影_会计_工厂一线,thread-2780157-1-2.html
招生产文员兼采购文员,thread-2792113-1-2.html
艾妮百货・迷你海洋婴幼儿游泳馆高薪诚聘,thread-2783010-1-2.html
招聘兼职,thread-2792153-1-2.html
大专学历当过兵求职,thread-2791474-1-2.html
急招【行政文员】【电销客服】,thread-2792194-1-2.html
求一份长白班的工作,thread-2791834-1-2.html
福建鑫智创电子科技有限公司招聘技术员,thread-2785135-1-2.html
招：设计、仓库、运营、助理,thread-2792346-1-2.html
